artist,title,year,object_id,visual_item_id,source_query,decade_query
Ben Joosten,"Affiche voor tentoonstelling in Haus Hans van der Grinten, Kranenburg",2004,https://id.rijksmuseum.nl/200469216,https://id.rijksmuseum.nl/202469216,posters,200?
Ben Joosten,Zeugen,2004,https://id.rijksmuseum.nl/200469887,https://id.rijksmuseum.nl/202469887,posters,200?
Ben Joosten,"Affiche voor tentoonstelling Beelden in Brons, Beelden op Papier",2005,https://id.rijksmuseum.nl/200471664,https://id.rijksmuseum.nl/202471664,posters,200?
Ben Joosten,"Wir Schwestern zwei, wir schönen",2005,https://id.rijksmuseum.nl/200471665,https://id.rijksmuseum.nl/202471665,posters,200?
Berry Slok,"De ambassadeur, de sultan en de kunstenaar, op audiëntie in Istanbul (1727-1744). BüyükelÇi padisah ve sanatÇi (1727-1744). 04/07-26/10/2003 Rijksmuseum Amsterdam.",2003,https://id.rijksmuseum.nl/200487540,https://id.rijksmuseum.nl/202487540,posters,200?
Berry Slok,"De ambassadeur, de sultan en de kunstenaar, op audiëntie in Istanbul (1727-1744). BüyükelÇi padisah ve sanatÇi (1727-1744). 04/07-26/10/2003 Rijksmuseum Amsterdam.",2003,https://id.rijksmuseum.nl/200487541,https://id.rijksmuseum.nl/202487541,posters,200?
Berry Slok,"De ambassadeur, de sultan en de kunstenaar, op audiëntie in Istanbul (1727-1744). BüyükelÇi padisah ve sanatÇi (1727-1744). 04/07-26/10/2003 Rijksmuseum Amsterdam.",2003,https://id.rijksmuseum.nl/200487542,https://id.rijksmuseum.nl/202487542,posters,200?
Berry Slok,"De ambassadeur, de sultan en de kunstenaar, op audiëntie in Istanbul (1727-1744). BüyükelÇi padisah ve sanatÇi (1727-1744). 04/07-26/10/2003 Rijksmuseum Amsterdam.",2003,https://id.rijksmuseum.nl/200487543,https://id.rijksmuseum.nl/202487543,posters,200?
Berry Slok,"De ambassadeur, de sultan en de kunstenaar, op audiëntie in Istanbul (1727-1744). BüyükelÇi padisah ve sanatÇi (1727-1744). 04/07-26/10/2003 Rijksmuseum Amsterdam.",2003,https://id.rijksmuseum.nl/200487544,https://id.rijksmuseum.nl/202487544,posters,200?
Berry Slok,Gespierd brons. Beelden van Willem van Tetrode ca. 1525-1580. 7 maart t/m 25 mei 2003 Rijksmuseum Amsterdam.,2003,https://id.rijksmuseum.nl/200487549,https://id.rijksmuseum.nl/202487549,posters,200?
Berry Slok,Gespierd brons. Beelden van Willem van Tetrode ca. 1525-1580. 7 maart t/m 25 mei 2003 Rijksmuseum Amsterdam.,2003,https://id.rijksmuseum.nl/200487550,https://id.rijksmuseum.nl/202487550,posters,200?
Berry Slok,Gespierd brons. Beelden van Willem van Tetrode ca. 1525-1580. 7 maart t/m 25 mei 2003 Rijksmuseum Amsterdam.,2003,https://id.rijksmuseum.nl/200487551,https://id.rijksmuseum.nl/202487551,posters,200?
Berry Slok,Gespierd brons. Beelden van Willem van Tetrode ca. 1525-1580. 7 maart t/m 25 mei 2003 Rijksmuseum Amsterdam.,2003,https://id.rijksmuseum.nl/200487552,https://id.rijksmuseum.nl/202487552,posters,200?
Berry Slok,Gespierd brons. Beelden van Willem van Tetrode ca. 1525-1580. 7 maart t/m 25 mei 2003 Rijksmuseum Amsterdam.,2003,https://id.rijksmuseum.nl/200487553,https://id.rijksmuseum.nl/202487553,posters,200?
Berry Slok,"Hendrik Goltzius (1558-1617) tekeningen, prenten en schilderijen. 7 maart t/m 25 mei 2003 Rijksmusm Amsterdam.",2003,https://id.rijksmuseum.nl/200487554,https://id.rijksmuseum.nl/202487554,posters,200?
Berry Slok,"Hendrik Goltzius (1558-1617) tekeningen, prenten en schilderijen. 7 maart t/m 25 mei 2003 Rijksmusm Amsterdam.",2003,https://id.rijksmuseum.nl/200487555,https://id.rijksmuseum.nl/202487555,posters,200?
Berry Slok,"Hendrik Goltzius (1558-1617) tekeningen, prenten en schilderijen. 7 maart t/m 25 mei 2003 Rijksmusm Amsterdam.",2003,https://id.rijksmuseum.nl/200487556,https://id.rijksmuseum.nl/202487556,posters,200?
Berry Slok,"Hendrik Goltzius (1558-1617) tekeningen, prenten en schilderijen. 7 maart t/m 25 mei 2003 Rijksmusm Amsterdam.",2003,https://id.rijksmuseum.nl/200487557,https://id.rijksmuseum.nl/202487557,posters,200?
Berry Slok,"Hendrik Goltzius (1558-1617) tekeningen, prenten en schilderijen. 7 maart t/m 25 mei 2003 Rijksmusm Amsterdam.",2003,https://id.rijksmuseum.nl/200487558,https://id.rijksmuseum.nl/202487558,posters,200?
020 0ntwerpers,"Document Nederland: Feest. Morad Bouchakour fotografeert feestcultuur in Nederland, 26-10.02-03.03",2003,https://id.rijksmuseum.nl/200487561,https://id.rijksmuseum.nl/202487561,posters,200?
020 0ntwerpers,"Document Nederland: Feest. Morad Bouchakour fotografeert feestcultuur in Nederland, 26-10.02-03.03",2003,https://id.rijksmuseum.nl/200487562,https://id.rijksmuseum.nl/202487562,posters,200?
020 0ntwerpers,"Document Nederland: Feest. Morad Bouchakour fotografeert feestcultuur in Nederland, 26-10.02-03.03",2003,https://id.rijksmuseum.nl/200487563,https://id.rijksmuseum.nl/202487563,posters,200?
020 0ntwerpers,"Document Nederland: Feest. Morad Bouchakour fotografeert feestcultuur in Nederland, 26-10.02-03.03",2003,https://id.rijksmuseum.nl/200487564,https://id.rijksmuseum.nl/202487564,posters,200?
020 0ntwerpers,"Document Nederland: Feest. Morad Bouchakour fotografeert feestcultuur in Nederland, 26-10.02-03.03",2003,https://id.rijksmuseum.nl/200487565,https://id.rijksmuseum.nl/202487565,posters,200?
Berry Slok,"De Nederlandse ontmoeting met Azië 1600-1950, 10 oktober 2002 t/m 9 februari 2003. 400 jaar VOC in het Rijksmuseum, Rijksmuseum Amsterdam.",2002,https://id.rijksmuseum.nl/200487567,https://id.rijksmuseum.nl/202487567,posters,200?
Berry Slok,"De Nederlandse ontmoeting met Azië 1600-1950, 10 oktober 2002 t/m 9 februari 2003. 400 jaar VOC in het Rijksmuseum, Rijksmuseum Amsterdam.",2002,https://id.rijksmuseum.nl/200487568,https://id.rijksmuseum.nl/202487568,posters,200?
Berry Slok,"De Nederlandse ontmoeting met Azië 1600-1950, 10 oktober 2002 t/m 9 februari 2003. 400 jaar VOC in het Rijksmuseum, Rijksmuseum Amsterdam.",2002,https://id.rijksmuseum.nl/200487569,https://id.rijksmuseum.nl/202487569,posters,200?
Berry Slok,"De Nederlandse ontmoeting met Azië 1600-1950, 10 oktober 2002 t/m 9 februari 2003. 400 jaar VOC in het Rijksmuseum, Rijksmuseum Amsterdam.",2002,https://id.rijksmuseum.nl/200487571,https://id.rijksmuseum.nl/202487571,posters,200?
Berry Slok,"De Nederlandse ontmoeting met Azië 1600-1950, 10 oktober 2002 t/m 9 februari 2003. 400 jaar VOC in het Rijksmuseum, Rijksmuseum Amsterdam.",2002,https://id.rijksmuseum.nl/200487572,https://id.rijksmuseum.nl/202487572,posters,200?
Studio Jas,Michael Sweerts (1618-1664) in samenwerking met de Fine Arts Museums San Fransisco en Wadsworth Atheneum Museum of Art. Rijksmuseum Amsterdam. 9 maart - 20 mei 2002.,2002,https://id.rijksmuseum.nl/200487576,https://id.rijksmuseum.nl/202487576,posters,200?
Studio Jas,Michael Sweerts (1618-1664) in samenwerking met de Fine Arts Museums San Fransisco en Wadsworth Atheneum Museum of Art. Rijksmuseum Amsterdam. 9 maart - 20 mei 2002.,2002,https://id.rijksmuseum.nl/200487577,https://id.rijksmuseum.nl/202487577,posters,200?
"Silvestri, gebr.","Rococo, Nederland aan de zwier, 3 november 2001 - 3 februari 2002, Rijksmuseum Amsterdam.",2002,https://id.rijksmuseum.nl/200487579,https://id.rijksmuseum.nl/202487579,posters,200?
"Silvestri, gebr.","Rococo, Nederland aan de zwier, 3 november 2001 - 3 februari 2002, Rijksmuseum Amsterdam.",2002,https://id.rijksmuseum.nl/200487580,https://id.rijksmuseum.nl/202487580,posters,200?
"Korsager Grafisk design, Denmark","Twee gouden eeuwen schilderkunst uit Nederland en Denemarken. Two golden ages, masterpieces of Dutch and Danish painting. 16 juni - 16 september 2001 Rijksmuseum Amsterdam.",2001,https://id.rijksmuseum.nl/200487581,https://id.rijksmuseum.nl/202487581,posters,200?
"Korsager Grafisk design, Denmark","Twee gouden eeuwen schilderkunst uit Nederland en Denemarken. Two golden ages, masterpieces of Dutch and Danish painting. 16 juni - 16 september 2001 Rijksmuseum Amsterdam.",2001,https://id.rijksmuseum.nl/200487582,https://id.rijksmuseum.nl/202487582,posters,200?
"Korsager Grafisk design, Denemarken","Twee gouden eeuwen schilderkunst uit Nederland en Denemarken. Two golden ages, masterpieces of Dutch and Danish painting. 16 juni - 16 september 2001 Rijksmuseum Amsterdam.",2001,https://id.rijksmuseum.nl/200487583,https://id.rijksmuseum.nl/202487583,posters,200?
Berry Slok,Nederland - Duitsland na 1945 26 mei - 16 september 2001. Zimmerfrei Rijksmuseum Amsterdam.,2001,https://id.rijksmuseum.nl/200487584,https://id.rijksmuseum.nl/202487584,posters,200?
Berry Slok,Nederland - Duitsland na 1945 26 mei - 16 september 2001. Zimmerfrei Rijksmuseum Amsterdam.,2001,https://id.rijksmuseum.nl/200487585,https://id.rijksmuseum.nl/202487585,posters,200?
Berry Slok,Nederland - Duitsland na 1945 26 mei - 16 september 2001. Zimmerfrei Rijksmuseum Amsterdam.,2001,https://id.rijksmuseum.nl/200487586,https://id.rijksmuseum.nl/202487586,posters,200?
Berry Slok,Nederland - Duitsland na 1945 26 mei - 16 september 2001. Zimmerfrei Rijksmuseum Amsterdam.,2001,https://id.rijksmuseum.nl/200487587,https://id.rijksmuseum.nl/202487587,posters,200?
Berry Slok,Prins Maurits van Oranje. Nederlandse geschiedenis Rijksmuseum Amsterdam 1/12 2000 - 18/3 2001.,2000,https://id.rijksmuseum.nl/200487588,https://id.rijksmuseum.nl/202487588,posters,200?
Berry Slok,Prins Maurits van Oranje. Nederlandse geschiedenis Rijksmuseum Amsterdam 1/12 2000 - 18/3 2001.,2000,https://id.rijksmuseum.nl/200487589,https://id.rijksmuseum.nl/202487589,posters,200?
Berry Slok,Prins Maurits van Oranje. Nederlandse geschiedenis Rijksmuseum Amsterdam 1/12 2000 - 18/3 2001.,2000,https://id.rijksmuseum.nl/200487590,https://id.rijksmuseum.nl/202487590,posters,200?
Berry Slok,Prins Maurits van Oranje. Nederlandse geschiedenis Rijksmuseum Amsterdam 1/12 2000 - 18/3 2001.,2000,https://id.rijksmuseum.nl/200487591,https://id.rijksmuseum.nl/202487591,posters,200?
Berry Slok,Prins Maurits van Oranje. Nederlandse geschiedenis Rijksmuseum Amsterdam 1/12 2000 - 18/3 2001.,2000,https://id.rijksmuseum.nl/200487593,https://id.rijksmuseum.nl/202487593,posters,200?
Berry Slok,"Een koninklijke dierentuin, porseleinen beesten uit Meissen 25.11.2000 - 4.3.2001, 200 jaar Rijksmusuem 1800-2000.",2000,https://id.rijksmuseum.nl/200487594,https://id.rijksmuseum.nl/202487594,posters,200?
Berry Slok,"Een koninklijke dierentuin, porseleinen beesten uit Meissen 25.11.2000 - 4.3.2001, 200 jaar Rijksmusuem 1800-2000.",2000,https://id.rijksmuseum.nl/200487595,https://id.rijksmuseum.nl/202487595,posters,200?
Berry Slok,"Een koninklijke dierentuin, porseleinen beesten uit Meissen 25.11.2000 - 4.3.2001, 200 jaar Rijksmusuem 1800-2000.",2000,https://id.rijksmuseum.nl/200487596,https://id.rijksmuseum.nl/202487596,posters,200?
Berry Slok,Royers Chinese kabinet 9.9.2000 - 11.3.2001 Rijksmuseum Amsterdam.,2000,https://id.rijksmuseum.nl/200487598,https://id.rijksmuseum.nl/202487598,posters,200?
Berry Slok,Royers Chinese kabinet 9.9.2000 - 11.3.2001 Rijksmuseum Amsterdam.,2000,https://id.rijksmuseum.nl/200487599,https://id.rijksmuseum.nl/202487599,posters,200?
Berry Slok,Royers Chinese kabinet 9.9.2000 - 11.3.2001 Rijksmuseum Amsterdam.,2000,https://id.rijksmuseum.nl/200487600,https://id.rijksmuseum.nl/202487600,posters,200?
Berry Slok,"Regenten in de kleren, de schenking Six 9.8.2000 - 11.3.2001.",2000,https://id.rijksmuseum.nl/200487603,https://id.rijksmuseum.nl/202487603,posters,200?
Berry Slok,"Regenten in de kleren, de schenking Six 9.8.2000 - 11.3.2001.",2000,https://id.rijksmuseum.nl/200487605,https://id.rijksmuseum.nl/202487605,posters,200?
Berry Slok,"Regenten in de kleren, de schenking Six 9.8.2000 - 11.3.2001.",2000,https://id.rijksmuseum.nl/200487606,https://id.rijksmuseum.nl/202487606,posters,200?
Berry Slok,"75 x kant, het kantsalet jubileert 18/3 - 20/8 2000, Rijksmuseum 200 1800-2000.",2000,https://id.rijksmuseum.nl/200487625,https://id.rijksmuseum.nl/202487625,posters,200?
Berry Slok,"75 x kant, het kantsalet jubileert 18/3 - 20/8 2000, Rijksmuseum 200 1800-2000.",2000,https://id.rijksmuseum.nl/200487626,https://id.rijksmuseum.nl/202487626,posters,200?
Berry Slok,"75 x kant, het kantsalet jubileert 18/3 - 20/8 2000, Rijksmuseum 200 1800-2000.",2000,https://id.rijksmuseum.nl/200487627,https://id.rijksmuseum.nl/202487627,posters,200?
Berry Slok,"75 x kant, het kantsalet jubileert 18/3 - 20/8 2000, Rijksmuseum 200 1800-2000.",2000,https://id.rijksmuseum.nl/200487628,https://id.rijksmuseum.nl/202487628,posters,200?
Berry Slok,"De glorie van de gouden eeuw, Nederlandse kunst uit de 17de eeuw, schilderijen, beeldhouwkunst en kunstnijverheid 15/4-17/9 2000. Tekeningen en prenten 15/4-16/7 2000. Rijksmuseum Amsterdam 200 1800-2000.",2000,https://id.rijksmuseum.nl/200487638,https://id.rijksmuseum.nl/202487638,posters,200?
Berry Slok,"De glorie van de gouden eeuw, Nederlandse kunst uit de 17de eeuw, schilderijen, beeldhouwkunst en kunstnijverheid 15/4-17/9 2000. Tekeningen en prenten 15/4-16/7 2000. Rijksmuseum Amsterdam 200 1800-2000.",2000,https://id.rijksmuseum.nl/200487640,https://id.rijksmuseum.nl/202487640,posters,200?
Berry Slok,"De glorie van de gouden eeuw, Nederlandse kunst uit de 17de eeuw, schilderijen, beeldhouwkunst en kunstnijverheid 15/4-17/9 2000. Tekeningen en prenten 15/4-16/7 2000. Rijksmuseum Amsterdam 200 1800-2000.",2000,https://id.rijksmuseum.nl/200487641,https://id.rijksmuseum.nl/202487641,posters,200?
Berry Slok,"Een koninklijk museum, Lodewijk Napoleon en het Rijksmuseum.",2000,https://id.rijksmuseum.nl/200487642,https://id.rijksmuseum.nl/202487642,posters,200?
Berry Slok,"Een koninklijk museum, Lodewijk Napoleon en het Rijksmuseum.",2000,https://id.rijksmuseum.nl/200487643,https://id.rijksmuseum.nl/202487643,posters,200?
Berry Slok,"Een koninklijk museum, Lodewijk Napoleon en het Rijksmuseum.",2000,https://id.rijksmuseum.nl/200487644,https://id.rijksmuseum.nl/202487644,posters,200?
Berry Slok,"Buren, document Nederland, drie buitenlandse fotografen  kijken naar Nederland. Eva Leitolf, Mark Power, Stephan Vanfleteren. Rijksmuseum Amsterdam 18.11.2000-18.2.2001.",2000,https://id.rijksmuseum.nl/200488157,https://id.rijksmuseum.nl/202488157,posters,200?
Berry Slok,"Buren, document Nederland, drie buitenlandse fotografen  kijken naar Nederland. Eva Leitolf, Mark Power, Stephan Vanfleteren. Rijksmuseum Amsterdam 18.11.2000-18.2.2001.",2000,https://id.rijksmuseum.nl/200488158,https://id.rijksmuseum.nl/202488158,posters,200?
Berry Slok,"Buren, document Nederland, drie buitenlandse fotografen  kijken naar Nederland. Eva Leitolf, Mark Power, Stephan Vanfleteren. Rijksmuseum Amsterdam 18.11.2000-18.2.2001.",2000,https://id.rijksmuseum.nl/200488159,https://id.rijksmuseum.nl/202488159,posters,200?
Sameer Farooq,"Spiegel van het geheugen, fotografische verbeelding van de Romeinse oudheid in de 19e eeuw met foto's uit de collectie van het Rijksmuseum 24 juni - 25 september 2005 Allard Pierson museum.",2005,https://id.rijksmuseum.nl/200488170,https://id.rijksmuseum.nl/202488170,posters,200?
Berry Slok,"Surimono. poëzie en beeld in de Japanse prent. 13.1-1.4.2001, Rijksmuseum Amsterdam.",2001,https://id.rijksmuseum.nl/200489089,https://id.rijksmuseum.nl/202489089,posters,200?
Berry Slok,"Surimono. poëzie en beeld in de Japanse prent. 13.1-1.4.2001, Rijksmuseum Amsterdam.",2001,https://id.rijksmuseum.nl/200489093,https://id.rijksmuseum.nl/202489093,posters,200?
Berry Slok,"Surimono. poëzie en beeld in de Japanse prent. 13.1-1.4.2001, Rijksmuseum Amsterdam.",2001,https://id.rijksmuseum.nl/200489094,https://id.rijksmuseum.nl/202489094,posters,200?
Berry Slok,"Surimono. poëzie en beeld in de Japanse prent. 13.1-1.4.2001, Rijksmuseum Amsterdam.",2001,https://id.rijksmuseum.nl/200489096,https://id.rijksmuseum.nl/202489096,posters,200?
Berry Slok,"Surimono. poëzie en beeld in de Japanse prent. 13.1-1.4.2001, Rijksmuseum Amsterdam.",2001,https://id.rijksmuseum.nl/200489098,https://id.rijksmuseum.nl/202489098,posters,200?
Berry Slok,"Rembrandt in alle staten. Etsen uit het British museum en het Rijksmuseum. Deel I; 22/7 - 8/1/2000, Deel II; 14/10/2000 - 7/11/2001 Rijksmuseum 1800-2000 Amsterdam.",2000,https://id.rijksmuseum.nl/200489100,https://id.rijksmuseum.nl/202489100,posters,200?
Berry Slok,"Rembrandt in alle staten. Etsen uit het British museum en het Rijksmuseum. Deel I; 22/7 - 8/1/2000, Deel II; 14/10/2000 - 7/11/2001 Rijksmuseum 1800-2000 Amsterdam.",2000,https://id.rijksmuseum.nl/200489101,https://id.rijksmuseum.nl/202489101,posters,200?
Berry Slok,"Rembrandt in alle staten. Etsen uit het British museum en het Rijksmuseum. Deel I; 22/7 - 8/1/2000, Deel II; 14/10/2000 - 7/11/2001 Rijksmuseum 1800-2000 Amsterdam.",2000,https://id.rijksmuseum.nl/200489102,https://id.rijksmuseum.nl/202489102,posters,200?
Berry Slok,"Rond 1900, tekeningen, prenten en foto's. 15 januari - 9 april 2000, Rijksmuseum 1800-2000 Amsterdam.",2000,https://id.rijksmuseum.nl/200489103,https://id.rijksmuseum.nl/202489103,posters,200?
Berry Slok,"Rond 1900, tekeningen, prenten en foto's. 15 januari - 9 april 2000, Rijksmuseum 1800-2000 Amsterdam.",2000,https://id.rijksmuseum.nl/200489104,https://id.rijksmuseum.nl/202489104,posters,200?
Berry Slok,"Rond 1900, tekeningen, prenten en foto's. 15 januari - 9 april 2000, Rijksmuseum 1800-2000 Amsterdam.",2000,https://id.rijksmuseum.nl/200489105,https://id.rijksmuseum.nl/202489105,posters,200?
Berry Slok,"Rond 1900, tekeningen, prenten en foto's. 15 januari - 9 april 2000, Rijksmuseum 1800-2000 Amsterdam.",2000,https://id.rijksmuseum.nl/200489106,https://id.rijksmuseum.nl/202489106,posters,200?
Berry Slok,"Rond 1900, tekeningen, prenten en foto's. 15 januari - 9 april 2000, Rijksmuseum 1800-2000 Amsterdam.",2000,https://id.rijksmuseum.nl/200489110,https://id.rijksmuseum.nl/202489110,posters,200?
Berry Slok,"Tekenen met water, aquarellen van de Haagse school. Rijksmuseum Amsterdam 20 juli t/m 27 december 2002.",2002,https://id.rijksmuseum.nl/200489173,https://id.rijksmuseum.nl/202489173,posters,200?
Berry Slok,"Tekenen met water, aquarellen van de Haagse school. Rijksmuseum Amsterdam 20 juli t/m 27 december 2002.",2002,https://id.rijksmuseum.nl/200489174,https://id.rijksmuseum.nl/202489174,posters,200?
Berry Slok,"Tekenen met water, aquarellen van de Haagse school. Rijksmuseum Amsterdam 20 juli t/m 27 december 2002.",2002,https://id.rijksmuseum.nl/200489177,https://id.rijksmuseum.nl/202489177,posters,200?
Berry Slok,"Tekenen met water, aquarellen van de Haagse school. Rijksmuseum Amsterdam 20 juli t/m 27 december 2002.",2002,https://id.rijksmuseum.nl/200489178,https://id.rijksmuseum.nl/202489178,posters,200?
Berry Slok,"Tekenen met water, aquarellen van de Haagse school. Rijksmuseum Amsterdam 20 juli t/m 27 december 2002.",2002,https://id.rijksmuseum.nl/200489180,https://id.rijksmuseum.nl/202489180,posters,200?
Berry Slok,"Zuid-Afrika op de kaart, de atlas Gordon. 13 april-14 juli 2002 Rijksmuseum Amsterdam.",2002,https://id.rijksmuseum.nl/200489182,https://id.rijksmuseum.nl/202489182,posters,200?
Berry Slok,"Zuid-Afrika op de kaart, de atlas Gordon. 13 april-14 juli 2002 Rijksmuseum Amsterdam.",2002,https://id.rijksmuseum.nl/200489183,https://id.rijksmuseum.nl/202489183,posters,200?
Berry Slok,"Zuid-Afrika op de kaart, de atlas Gordon. 13 april-14 juli 2002 Rijksmuseum Amsterdam.",2002,https://id.rijksmuseum.nl/200489185,https://id.rijksmuseum.nl/202489185,posters,200?
Berry Slok,"Zuid-Afrika op de kaart, de atlas Gordon. 13 april-14 juli 2002 Rijksmuseum Amsterdam.",2002,https://id.rijksmuseum.nl/200489186,https://id.rijksmuseum.nl/202489186,posters,200?
Berry Slok,"Zuid-Afrika op de kaart, de atlas Gordon. 13 april-14 juli 2002 Rijksmuseum Amsterdam.",2002,https://id.rijksmuseum.nl/200489187,https://id.rijksmuseum.nl/202489187,posters,200?
Berry Slok,"Foto's uit verre landen. Uit de Nederlandse fotocollecties en van Ferry Andre de la Porte. Van 12 januari t/m 7 april 2002, Rijksmuseum Amsterdam. 400 jaar VOC",2002,https://id.rijksmuseum.nl/200489189,https://id.rijksmuseum.nl/202489189,posters,200?
Berry Slok,"Foto's uit verre landen. Uit de Nederlandse fotocollecties en van Ferry Andre de la Porte. Van 12 januari t/m 7 april 2002, Rijksmuseum Amsterdam. 400 jaar VOC",2002,https://id.rijksmuseum.nl/200489191,https://id.rijksmuseum.nl/202489191,posters,200?
Berry Slok,"Foto's uit verre landen. Uit de Nederlandse fotocollecties en van Ferry Andre de la Porte. Van 12 januari t/m 7 april 2002, Rijksmuseum Amsterdam. 400 jaar VOC",2002,https://id.rijksmuseum.nl/200489192,https://id.rijksmuseum.nl/202489192,posters,200?
Berry Slok,"Foto's uit verre landen. Uit de Nederlandse fotocollecties en van Ferry Andre de la Porte. Van 12 januari t/m 7 april 2002, Rijksmuseum Amsterdam. 400 jaar VOC",2002,https://id.rijksmuseum.nl/200489193,https://id.rijksmuseum.nl/202489193,posters,200?
Berry Slok,"Foto's uit verre landen. Uit de Nederlandse fotocollecties en van Ferry Andre de la Porte. Van 12 januari t/m 7 april 2002, Rijksmuseum Amsterdam. 400 jaar VOC",2002,https://id.rijksmuseum.nl/200489194,https://id.rijksmuseum.nl/202489194,posters,200?
Victor Levie,"Tekenen van warmte. Nederlandse tekenaars in Italië. 30 juni - 30 september 2001, Rijksmuseum Amsterdam.",2001,https://id.rijksmuseum.nl/200489196,https://id.rijksmuseum.nl/202489196,posters,200?
Victor Levie,"Tekenen van warmte. Nederlandse tekenaars in Italië. 30 juni - 30 september 2001, Rijksmuseum Amsterdam.",2001,https://id.rijksmuseum.nl/200489197,https://id.rijksmuseum.nl/202489197,posters,200?
Victor Levie,"Tekenen van warmte. Nederlandse tekenaars in Italië. 30 juni - 30 september 2001, Rijksmuseum Amsterdam.",2001,https://id.rijksmuseum.nl/200489198,https://id.rijksmuseum.nl/202489198,posters,200?
Victor Levie,"Tekenen van warmte. Nederlandse tekenaars in Italië. 30 juni - 30 september 2001, Rijksmuseum Amsterdam.",2001,https://id.rijksmuseum.nl/200489199,https://id.rijksmuseum.nl/202489199,posters,200?
Berry Slok,"Portretten en stilleven, foto's uit de Manfred Heiting collectie. 7 april - 24 juni 2001, Rijksmuseum Amsterdam.",2001,https://id.rijksmuseum.nl/200489200,https://id.rijksmuseum.nl/202489200,posters,200?
Berry Slok,"Portretten en stilleven, foto's uit de Manfred Heiting collectie. 7 april - 24 juni 2001, Rijksmuseum Amsterdam.",2001,https://id.rijksmuseum.nl/200489201,https://id.rijksmuseum.nl/202489201,posters,200?
Berry Slok,"Portretten en stilleven, foto's uit de Manfred Heiting collectie. 7 april - 24 juni 2001, Rijksmuseum Amsterdam.",2001,https://id.rijksmuseum.nl/200489202,https://id.rijksmuseum.nl/202489202,posters,200?
Berry Slok,"Portretten en stilleven, foto's uit de Manfred Heiting collectie. 7 april - 24 juni 2001, Rijksmuseum Amsterdam.",2001,https://id.rijksmuseum.nl/200489203,https://id.rijksmuseum.nl/202489203,posters,200?
Berry Slok,"Portretten en stilleven, foto's uit de Manfred Heiting collectie. 7 april - 24 juni 2001, Rijksmuseum Amsterdam.",2001,https://id.rijksmuseum.nl/200489204,https://id.rijksmuseum.nl/202489204,posters,200?
Berry Slok,"Portretten en stilleven, foto's uit de Manfred Heiting collectie. 7 april - 24 juni 2001, Rijksmuseum Amsterdam.",2001,https://id.rijksmuseum.nl/200489205,https://id.rijksmuseum.nl/202489205,posters,200?
Berry Slok,"Portretten en stilleven, foto's uit de Manfred Heiting collectie. 7 april - 24 juni 2001, Rijksmuseum Amsterdam.",2001,https://id.rijksmuseum.nl/200489206,https://id.rijksmuseum.nl/202489206,posters,200?
Berry Slok,"Portretten en stilleven, foto's uit de Manfred Heiting collectie. 7 april - 24 juni 2001, Rijksmuseum Amsterdam.",2001,https://id.rijksmuseum.nl/200489207,https://id.rijksmuseum.nl/202489207,posters,200?
Berry Slok,"Portretten en stilleven, foto's uit de Manfred Heiting collectie. 7 april - 24 juni 2001, Rijksmuseum Amsterdam.",2001,https://id.rijksmuseum.nl/200489208,https://id.rijksmuseum.nl/202489208,posters,200?
Berry Slok,"Portretten en stilleven, foto's uit de Manfred Heiting collectie. 7 april - 24 juni 2001, Rijksmuseum Amsterdam.",2001,https://id.rijksmuseum.nl/200489209,https://id.rijksmuseum.nl/202489209,posters,200?
Berry Slok,"Portretten en stilleven, foto's uit de Manfred Heiting collectie. 7 april - 24 juni 2001, Rijksmuseum Amsterdam.",2001,https://id.rijksmuseum.nl/200489210,https://id.rijksmuseum.nl/202489210,posters,200?
Berry Slok,"Portretten en stilleven, foto's uit de Manfred Heiting collectie. 7 april - 24 juni 2001, Rijksmuseum Amsterdam.",2001,https://id.rijksmuseum.nl/200489211,https://id.rijksmuseum.nl/202489211,posters,200?
Berry Slok,"Portretten en stilleven, foto's uit de Manfred Heiting collectie. 7 april - 24 juni 2001, Rijksmuseum Amsterdam.",2001,https://id.rijksmuseum.nl/200489212,https://id.rijksmuseum.nl/202489212,posters,200?
Berry Slok,"Portretten en stilleven, foto's uit de Manfred Heiting collectie. 7 april - 24 juni 2001, Rijksmuseum Amsterdam.",2001,https://id.rijksmuseum.nl/200489213,https://id.rijksmuseum.nl/202489213,posters,200?
Berry Slok,"Portretten en stilleven, foto's uit de Manfred Heiting collectie. 7 april - 24 juni 2001, Rijksmuseum Amsterdam.",2001,https://id.rijksmuseum.nl/200489214,https://id.rijksmuseum.nl/202489214,posters,200?
Berry Slok,"Portretten en stilleven, foto's uit de Manfred Heiting collectie. 7 april - 24 juni 2001, Rijksmuseum Amsterdam.",2001,https://id.rijksmuseum.nl/200489215,https://id.rijksmuseum.nl/202489215,posters,200?
Berry Slok,"Portretten en stilleven, foto's uit de Manfred Heiting collectie. 7 april - 24 juni 2001, Rijksmuseum Amsterdam.",2001,https://id.rijksmuseum.nl/200489217,https://id.rijksmuseum.nl/202489217,posters,200?
Berry Slok,"Portretten en stilleven, foto's uit de Manfred Heiting collectie. 7 april - 24 juni 2001, Rijksmuseum Amsterdam.",2001,https://id.rijksmuseum.nl/200489218,https://id.rijksmuseum.nl/202489218,posters,200?
Berry Slok,"Portretten en stilleven, foto's uit de Manfred Heiting collectie. 7 april - 24 juni 2001, Rijksmuseum Amsterdam.",2001,https://id.rijksmuseum.nl/200489219,https://id.rijksmuseum.nl/202489219,posters,200?
Berry Slok,"Portretten en stilleven, foto's uit de Manfred Heiting collectie. 7 april - 24 juni 2001, Rijksmuseum Amsterdam.",2001,https://id.rijksmuseum.nl/200489220,https://id.rijksmuseum.nl/202489220,posters,200?
Berry Slok,"Portretten en stilleven, foto's uit de Manfred Heiting collectie. 7 april - 24 juni 2001, Rijksmuseum Amsterdam.",2001,https://id.rijksmuseum.nl/200489221,https://id.rijksmuseum.nl/202489221,posters,200?
Berry Slok,"Portretten en stilleven, foto's uit de Manfred Heiting collectie. 7 april - 24 juni 2001, Rijksmuseum Amsterdam.",2001,https://id.rijksmuseum.nl/200489222,https://id.rijksmuseum.nl/202489222,posters,200?
Berry Slok,"Portretten en stilleven, foto's uit de Manfred Heiting collectie. 7 april - 24 juni 2001, Rijksmuseum Amsterdam.",2001,https://id.rijksmuseum.nl/200489223,https://id.rijksmuseum.nl/202489223,posters,200?
Berry Slok,"Portretten en stilleven, foto's uit de Manfred Heiting collectie. 7 april - 24 juni 2001, Rijksmuseum Amsterdam.",2001,https://id.rijksmuseum.nl/200489224,https://id.rijksmuseum.nl/202489224,posters,200?
Berry Slok,"Portretten en stilleven, foto's uit de Manfred Heiting collectie. 7 april - 24 juni 2001, Rijksmuseum Amsterdam.",2001,https://id.rijksmuseum.nl/200489225,https://id.rijksmuseum.nl/202489225,posters,200?
"Graatsma in vorm, Nederland","Werner Mantz, fotograaf van religieus leven in Maastricht. Centre Ceramique Maastricht  11 juni tot en met 11 juli 2004.",2004,https://id.rijksmuseum.nl/200489844,https://id.rijksmuseum.nl/202489844,posters,200?
"Graatsma in vorm, Nederland","Werner Mantz, fotograaf van religieus leven in Maastricht, Centre Ceramique Maastricht  11 juni tot en met 11 juli 2004",2004,https://id.rijksmuseum.nl/200489845,https://id.rijksmuseum.nl/202489845,posters,200?
Ben Joosten,Affiche voor tentoonstelling van Bernard Essers met de Zwanebloem,2009,https://id.rijksmuseum.nl/200521143,https://id.rijksmuseum.nl/202521143,posters,200?
Ben Joosten,Affiche voor tentoonstelling van Bernard Essers met de Zwanebloem,2009,https://id.rijksmuseum.nl/200521144,https://id.rijksmuseum.nl/202521144,posters,200?
Ben Joosten,"Die unbändige Kraft, Hans van der Grinten, zum 80sten Geburtstag",2009,https://id.rijksmuseum.nl/200521146,https://id.rijksmuseum.nl/202521146,posters,200?
Ben Joosten,Affiche tentoonstelling van A tot Z,2008,https://id.rijksmuseum.nl/200521350,https://id.rijksmuseum.nl/202521350,posters,200?
Ben Joosten,Medestanders,2005,https://id.rijksmuseum.nl/200521474,https://id.rijksmuseum.nl/202521474,posters,200?
Ben Joosten,Expositie Mini affiches van Ben Joosten,2006,https://id.rijksmuseum.nl/200522081,https://id.rijksmuseum.nl/202522081,posters,200?
Ben Joosten,"Affiche voor tentoonstelling Beelden in Brons, Beelden op Papier",2005,https://id.rijksmuseum.nl/200522111,https://id.rijksmuseum.nl/202522111,posters,200?
Ben Joosten,Hendrik Nicolaas Werkman 1882-1945 Typografiker der Avantgarde,2009,https://id.rijksmuseum.nl/200522125,https://id.rijksmuseum.nl/202522125,posters,200?
Ben Joosten,"Die unbändige Kraft, Hans van der Grinten, zum 80sten Geburtstag",2009,https://id.rijksmuseum.nl/200836164,https://id.rijksmuseum.nl/202836164,posters,200?
Klaas Gubbels,Zonder titel (Koffieservies in groen),2004,https://id.rijksmuseum.nl/200507694,https://id.rijksmuseum.nl/202507694,lithografie,200?
Klaas Gubbels,Zonder titel,2004,https://id.rijksmuseum.nl/200507695,https://id.rijksmuseum.nl/202507695,lithografie,200?
Hans Landsaat,Achterwaarts reizen I,2000,https://id.rijksmuseum.nl/200535652,https://id.rijksmuseum.nl/202535652,zeefdruk,200?
Hans Landsaat,Achterwaarts reizen II,2000,https://id.rijksmuseum.nl/200535653,https://id.rijksmuseum.nl/202535653,zeefdruk,200?
Hans Landsaat,Nieuwjaarskaart voor 2004,2003,https://id.rijksmuseum.nl/200536177,https://id.rijksmuseum.nl/202536177,zeefdruk,200?
"Hans Landsaat, Netherlands",Holterdiepolder / Holderdepolder,2003,https://id.rijksmuseum.nl/200536187,https://id.rijksmuseum.nl/202536187,zeefdruk,200?
Hans Landsaat,Holterdiepolder / Holderdepolder,2003,https://id.rijksmuseum.nl/200536188,https://id.rijksmuseum.nl/202536188,zeefdruk,200?
Hans Landsaat,Holterdiepolder / Holderdepolder,2003,https://id.rijksmuseum.nl/200536189,https://id.rijksmuseum.nl/202536189,zeefdruk,200?
Hans Landsaat,Der Sturm / De Storm,2003,https://id.rijksmuseum.nl/200536190,https://id.rijksmuseum.nl/202536190,zeefdruk,200?
Hans Landsaat,Holterdiepolder / Holderdepolder,2003,https://id.rijksmuseum.nl/200536191,https://id.rijksmuseum.nl/202536191,zeefdruk,200?
Ben Joosten,Compositie I,2003,https://id.rijksmuseum.nl/200469678,https://id.rijksmuseum.nl/202469678,compositie,200?
Paul Damsté,Compositie met lijnen,2008,https://id.rijksmuseum.nl/200507466,https://id.rijksmuseum.nl/202507466,compositie,200?
Toon Verhoef,Compositie,2002,https://id.rijksmuseum.nl/200548216,https://id.rijksmuseum.nl/202548216,compositie,200?
Toon Verhoef,Compositie,2001,https://id.rijksmuseum.nl/200548220,https://id.rijksmuseum.nl/202548220,compositie,200?
Dick Bruna,Twee konijnen in het water,2003,https://id.rijksmuseum.nl/200541934,https://id.rijksmuseum.nl/202541934,kleur,200?
Karel Wetselaar,Landschap Limburg - Vaals,2000,https://id.rijksmuseum.nl/200415182,https://id.rijksmuseum.nl/202415182,prints_all,200?
Karel Wetselaar,Dordrecht,2000,https://id.rijksmuseum.nl/200415183,https://id.rijksmuseum.nl/202415183,prints_all,200?
Karel Wetselaar,Scheepswerf - Bickerseiland - A'dam,2000,https://id.rijksmuseum.nl/200415184,https://id.rijksmuseum.nl/202415184,prints_all,200?
Karel Wetselaar,Zaanse schans,2000,https://id.rijksmuseum.nl/200415185,https://id.rijksmuseum.nl/202415185,prints_all,200?
Karel Wetselaar,Zaanse schans,2000,https://id.rijksmuseum.nl/200415186,https://id.rijksmuseum.nl/202415186,prints_all,200?
Karel Wetselaar,VII Zaanse Schans,2001,https://id.rijksmuseum.nl/200418597,https://id.rijksmuseum.nl/202418597,prints_all,200?
Karel Wetselaar,Zaanse Schans,2001,https://id.rijksmuseum.nl/200418598,https://id.rijksmuseum.nl/202418598,prints_all,200?
Karel Wetselaar,Late Avond Zaanse Schans III,2001,https://id.rijksmuseum.nl/200418599,https://id.rijksmuseum.nl/202418599,prints_all,200?
Karel Wetselaar,I Zaanse Schans,2001,https://id.rijksmuseum.nl/200418601,https://id.rijksmuseum.nl/202418601,prints_all,200?
Karel Wetselaar,Zaanse Schans V,2001,https://id.rijksmuseum.nl/200418602,https://id.rijksmuseum.nl/202418602,prints_all,200?
Karel Wetselaar,IV Zaanse Schans,2001,https://id.rijksmuseum.nl/200418603,https://id.rijksmuseum.nl/202418603,prints_all,200?
Karel Wetselaar,"Een boerderij aan de Amstel, ten zuiden van Ouderkerk",2001,https://id.rijksmuseum.nl/200418604,https://id.rijksmuseum.nl/202418604,prints_all,200?
Karel Wetselaar,"Achterkant Prinsengracht, ter hoogte van Felix Meritis op de Keizersgr. A'dam",2001,https://id.rijksmuseum.nl/200418605,https://id.rijksmuseum.nl/202418605,prints_all,200?
Karel Wetselaar,No: II Boerderij tussen Krommenie en Uitgeest,2002,https://id.rijksmuseum.nl/200419952,https://id.rijksmuseum.nl/202419952,prints_all,200?
Karel Wetselaar,Gezicht op de Amstel,2002,https://id.rijksmuseum.nl/200419953,https://id.rijksmuseum.nl/202419953,prints_all,200?
Karel Wetselaar,Boerderij te Krommenie,2002,https://id.rijksmuseum.nl/200419986,https://id.rijksmuseum.nl/202419986,prints_all,200?
Karel Wetselaar,Polderlandschap bij Krommenie,2002,https://id.rijksmuseum.nl/200419987,https://id.rijksmuseum.nl/202419987,prints_all,200?
Karel Wetselaar,Riviergezicht met huis aan de oever en zeilboot in het water,2002,https://id.rijksmuseum.nl/200419988,https://id.rijksmuseum.nl/202419988,prints_all,200?
Karel Wetselaar,Landschap met rivier,2002,https://id.rijksmuseum.nl/200419989,https://id.rijksmuseum.nl/202419989,prints_all,200?
Karel Wetselaar,Boerderij tussen Krommenie ne Uitgeest,2002,https://id.rijksmuseum.nl/200425975,https://id.rijksmuseum.nl/202425975,prints_all,200?
Karel Wetselaar,"Nassaukade Amsterdam, 2002",2002,https://id.rijksmuseum.nl/200425976,https://id.rijksmuseum.nl/202425976,prints_all,200?
Karel Wetselaar,Guisveld polder,2003,https://id.rijksmuseum.nl/200426678,https://id.rijksmuseum.nl/202426678,prints_all,200?
Karel Wetselaar,Polder bij Krommenie,2003,https://id.rijksmuseum.nl/200426679,https://id.rijksmuseum.nl/202426679,prints_all,200?
Karel Wetselaar,Zaanse Schans,2003,https://id.rijksmuseum.nl/200426680,https://id.rijksmuseum.nl/202426680,prints_all,200?
Karel Wetselaar,Boerderij tussen Krommenie en Assendelft,2003,https://id.rijksmuseum.nl/200426682,https://id.rijksmuseum.nl/202426682,prints_all,200?
Karel Wetselaar,Doorkijk vanaf de Singel naar de Herengracht - A'dam,2003,https://id.rijksmuseum.nl/200466360,https://id.rijksmuseum.nl/202466360,prints_all,200?
Karel Wetselaar,Seinebrug te Parijs,2003,https://id.rijksmuseum.nl/200466361,https://id.rijksmuseum.nl/202466361,prints_all,200?
Karel Wetselaar,Jordaan Driehoekstraat,2003,https://id.rijksmuseum.nl/200466362,https://id.rijksmuseum.nl/202466362,prints_all,200?
Reinder Homan,Vlucht ganzen,2003,https://id.rijksmuseum.nl/200467358,https://id.rijksmuseum.nl/202467358,prints_all,200?
Wendelien Schönfeld,De werkkamer I (Ger Luijten),2003,https://id.rijksmuseum.nl/200467416,https://id.rijksmuseum.nl/202467416,prints_all,200?
Wendelien Schönfeld,De werkkamer II (Jan Teeuwisse),2004,https://id.rijksmuseum.nl/200467417,https://id.rijksmuseum.nl/202467417,prints_all,200?
Ben Joosten,Catalogus van de tentoonstelling Ben Joosten/Graphik in Haus van der Grinten in Kranenburg,2004,https://id.rijksmuseum.nl/200469217,https://id.rijksmuseum.nl/202469217,prints_all,200?
Ben Joosten,Vice versa,2004,https://id.rijksmuseum.nl/200469218,https://id.rijksmuseum.nl/202469218,prints_all,200?
Ben Joosten,Guantanamo Bay,2004,https://id.rijksmuseum.nl/200469219,https://id.rijksmuseum.nl/202469219,prints_all,200?
Ben Joosten,moto hombe (groot vuur),2004,https://id.rijksmuseum.nl/200469222,https://id.rijksmuseum.nl/202469222,prints_all,200?
Ben Joosten,Zwijgend pakhuis V,2004,https://id.rijksmuseum.nl/200469671,https://id.rijksmuseum.nl/202469671,prints_all,200?
Ben Joosten,Variant op blind alfabet,2003,https://id.rijksmuseum.nl/200469674,https://id.rijksmuseum.nl/202469674,prints_all,200?
Ben Joosten,symbolisch landschap,2002,https://id.rijksmuseum.nl/200469675,https://id.rijksmuseum.nl/202469675,prints_all,200?
Ben Joosten,Elementen,2004,https://id.rijksmuseum.nl/200469676,https://id.rijksmuseum.nl/202469676,prints_all,200?
Ben Joosten,Grootmoeder,2004,https://id.rijksmuseum.nl/200469677,https://id.rijksmuseum.nl/202469677,prints_all,200?
Ben Joosten,Hommage aan Willem den Ouden,2003,https://id.rijksmuseum.nl/200469679,https://id.rijksmuseum.nl/202469679,prints_all,200?
Wendelien Schönfeld,Groot Uitzicht (linksboven),2004,https://id.rijksmuseum.nl/200469745,https://id.rijksmuseum.nl/202469745,prints_all,200?
Wendelien Schönfeld,Groot Uitzicht (rechtsboven),2004,https://id.rijksmuseum.nl/200469746,https://id.rijksmuseum.nl/202469746,prints_all,200?
Wendelien Schönfeld,Groot Uitzicht (linksonder),2004,https://id.rijksmuseum.nl/200469747,https://id.rijksmuseum.nl/202469747,prints_all,200?
Wendelien Schönfeld,Groot Uitzicht (rechtsonder),2004,https://id.rijksmuseum.nl/200469748,https://id.rijksmuseum.nl/202469748,prints_all,200?
Wendelien Schönfeld,Groot Uitzicht (linksboven),2004,https://id.rijksmuseum.nl/200469749,https://id.rijksmuseum.nl/202469749,prints_all,200?
Wendelien Schönfeld,Schets voor groot vierluik,2004,https://id.rijksmuseum.nl/200469750,https://id.rijksmuseum.nl/202469750,prints_all,200?
Ben Joosten,simultaan,2003,https://id.rijksmuseum.nl/200469888,https://id.rijksmuseum.nl/202469888,prints_all,200?
Ben Joosten,Emmastraat 73,2005,https://id.rijksmuseum.nl/200471662,https://id.rijksmuseum.nl/202471662,prints_all,200?
Karel Wetselaar,Fantasie,2005,https://id.rijksmuseum.nl/200474517,https://id.rijksmuseum.nl/202474517,prints_all,200?
Karel Wetselaar,Polder de Ham,2004,https://id.rijksmuseum.nl/200474518,https://id.rijksmuseum.nl/202474518,prints_all,200?
Karel Wetselaar,Dode boom - Polder de Ham,2004,https://id.rijksmuseum.nl/200474519,https://id.rijksmuseum.nl/202474519,prints_all,200?
Karel Wetselaar,"De Amstel, begin v/d avond",2005,https://id.rijksmuseum.nl/200474520,https://id.rijksmuseum.nl/202474520,prints_all,200?
Karel Wetselaar,Slootje in de Hampolder,2005,https://id.rijksmuseum.nl/200474522,https://id.rijksmuseum.nl/202474522,prints_all,200?
Karel Wetselaar,De Hampolder,2005,https://id.rijksmuseum.nl/200474523,https://id.rijksmuseum.nl/202474523,prints_all,200?
Karel Wetselaar,De avond valt I,2005,https://id.rijksmuseum.nl/200474524,https://id.rijksmuseum.nl/202474524,prints_all,200?
Karel Wetselaar,De avond valt II,2005,https://id.rijksmuseum.nl/200474525,https://id.rijksmuseum.nl/202474525,prints_all,200?
Karel Wetselaar,Damhekjes in de Hampolder,2005,https://id.rijksmuseum.nl/200474526,https://id.rijksmuseum.nl/202474526,prints_all,200?
Karel Wetselaar,Oude vrouw met muts,2005,https://id.rijksmuseum.nl/200474527,https://id.rijksmuseum.nl/202474527,prints_all,200?
Karel Wetselaar,De Hampolder,2005,https://id.rijksmuseum.nl/200474528,https://id.rijksmuseum.nl/202474528,prints_all,200?
Karel Wetselaar,De Hampolder,2005,https://id.rijksmuseum.nl/200474529,https://id.rijksmuseum.nl/202474529,prints_all,200?
Karel Wetselaar,Guisveld polder,2006,https://id.rijksmuseum.nl/200479609,https://id.rijksmuseum.nl/202479609,prints_all,200?
Karel Wetselaar,Vijlen,2006,https://id.rijksmuseum.nl/200479610,https://id.rijksmuseum.nl/202479610,prints_all,200?
Karel Wetselaar,Winter - de Hampolder VI,2006,https://id.rijksmuseum.nl/200479611,https://id.rijksmuseum.nl/202479611,prints_all,200?
Karel Wetselaar,Winter - de Hampolder VII,2006,https://id.rijksmuseum.nl/200479612,https://id.rijksmuseum.nl/202479612,prints_all,200?
Karel Wetselaar,Winter in de polder bij Assendelft,2006,https://id.rijksmuseum.nl/200479613,https://id.rijksmuseum.nl/202479613,prints_all,200?
Karel Wetselaar,Winter - de Hampolder V,2006,https://id.rijksmuseum.nl/200479614,https://id.rijksmuseum.nl/202479614,prints_all,200?
Karel Wetselaar,Winter - de Hampolder IV,2006,https://id.rijksmuseum.nl/200479615,https://id.rijksmuseum.nl/202479615,prints_all,200?
Karel Wetselaar,Winter - de Hampolder III,2006,https://id.rijksmuseum.nl/200479616,https://id.rijksmuseum.nl/202479616,prints_all,200?
Karel Wetselaar,De Hampolder,2005,https://id.rijksmuseum.nl/200479617,https://id.rijksmuseum.nl/202479617,prints_all,200?
Karel Wetselaar,Winter in de Hampolder,2006,https://id.rijksmuseum.nl/200479618,https://id.rijksmuseum.nl/202479618,prints_all,200?
Karel Wetselaar,Winter in de Hampolder,2006,https://id.rijksmuseum.nl/200479619,https://id.rijksmuseum.nl/202479619,prints_all,200?
Karel Wetselaar,Hooiberg en landweg,2006,https://id.rijksmuseum.nl/200479620,https://id.rijksmuseum.nl/202479620,prints_all,200?
Karel Wetselaar,Polder Wormerveer,2006,https://id.rijksmuseum.nl/200479621,https://id.rijksmuseum.nl/202479621,prints_all,200?
Karel Wetselaar,Guisveldpolder,2006,https://id.rijksmuseum.nl/200479622,https://id.rijksmuseum.nl/202479622,prints_all,200?
Dirck Nab,Twee spijkers,2005,https://id.rijksmuseum.nl/200491220,https://id.rijksmuseum.nl/202491220,prints_all,200?
Bruno Van Dijck,Rechthoekige vaas met bloemen,2004,https://id.rijksmuseum.nl/200492099,https://id.rijksmuseum.nl/202492099,prints_all,200?
Paul Damsté,Brocante Brussel I,2008,https://id.rijksmuseum.nl/200507461,https://id.rijksmuseum.nl/202507461,prints_all,200?
Paul Damsté,I Sauzé vaussais 2,2008,https://id.rijksmuseum.nl/200507462,https://id.rijksmuseum.nl/202507462,prints_all,200?
Paul Damsté,Brussel II,2008,https://id.rijksmuseum.nl/200507463,https://id.rijksmuseum.nl/202507463,prints_all,200?
Paul Damsté,5 Clignancourt 5,2008,https://id.rijksmuseum.nl/200507464,https://id.rijksmuseum.nl/202507464,prints_all,200?
Paul Damsté,Clignancourt 5,2008,https://id.rijksmuseum.nl/200507465,https://id.rijksmuseum.nl/202507465,prints_all,200?
Paul Damsté,Clignancourt 1,2008,https://id.rijksmuseum.nl/200507467,https://id.rijksmuseum.nl/202507467,prints_all,200?
Ben Joosten,Momentum,2008,https://id.rijksmuseum.nl/200507475,https://id.rijksmuseum.nl/202507475,prints_all,200?
Klaas Gubbels,Volksbond,2001,https://id.rijksmuseum.nl/200508774,https://id.rijksmuseum.nl/202508774,prints_all,200?
Klaas Gubbels,Twee stoelen,2000,https://id.rijksmuseum.nl/200508899,https://id.rijksmuseum.nl/202508899,prints_all,200?
Klaas Gubbels,Vier stoelen en een tafel,2000,https://id.rijksmuseum.nl/200508900,https://id.rijksmuseum.nl/202508900,prints_all,200?
Klaas Gubbels,Zonder titel,2001,https://id.rijksmuseum.nl/200508901,https://id.rijksmuseum.nl/202508901,prints_all,200?
Klaas Gubbels,Voulez-vous danser avec moi?,2001,https://id.rijksmuseum.nl/200508902,https://id.rijksmuseum.nl/202508902,prints_all,200?
Klaas Gubbels,Kan en twee koppen,2003,https://id.rijksmuseum.nl/200509166,https://id.rijksmuseum.nl/202509166,prints_all,200?
Klaas Gubbels,Zonder titel (kan en staand object),2003,https://id.rijksmuseum.nl/200509167,https://id.rijksmuseum.nl/202509167,prints_all,200?
Klaas Gubbels,Zonder titel (drinkglazen op voet),2003,https://id.rijksmuseum.nl/200509169,https://id.rijksmuseum.nl/202509169,prints_all,200?
Klaas Gubbels,Zonder titel (serie pijpen),2004,https://id.rijksmuseum.nl/200509170,https://id.rijksmuseum.nl/202509170,prints_all,200?
Klaas Gubbels,Zonder titel (kan;/vlag in zwart),2005,https://id.rijksmuseum.nl/200509171,https://id.rijksmuseum.nl/202509171,prints_all,200?
Klaas Gubbels,Zonder titel (twee kannen en staand object),2005,https://id.rijksmuseum.nl/200509173,https://id.rijksmuseum.nl/202509173,prints_all,200?
Klaas Gubbels,Zonder titel (servies in zwart),2006,https://id.rijksmuseum.nl/200509175,https://id.rijksmuseum.nl/202509175,prints_all,200?
Klaas Gubbels,Zonder titel (stoelen),2006,https://id.rijksmuseum.nl/200509177,https://id.rijksmuseum.nl/202509177,prints_all,200?
Klaas Gubbels,Zonder titel (stoel in rood),2006,https://id.rijksmuseum.nl/200509178,https://id.rijksmuseum.nl/202509178,prints_all,200?
Klaas Gubbels,Zonder titel (kan in bruin),2006,https://id.rijksmuseum.nl/200509179,https://id.rijksmuseum.nl/202509179,prints_all,200?
Klaas Gubbels,Zonder titel (kan in oranje),2007,https://id.rijksmuseum.nl/200509180,https://id.rijksmuseum.nl/202509180,prints_all,200?
Klaas Gubbels,Zonder titel (stoel en kan),2007,https://id.rijksmuseum.nl/200509181,https://id.rijksmuseum.nl/202509181,prints_all,200?
Klaas Gubbels,Zonder titel (kan in hartvorm),2007,https://id.rijksmuseum.nl/200509182,https://id.rijksmuseum.nl/202509182,prints_all,200?
Klaas Gubbels,Zonder titel (twee kannen),2007,https://id.rijksmuseum.nl/200509184,https://id.rijksmuseum.nl/202509184,prints_all,200?
Karel Wetselaar,Winter - de Hampolder,2008,https://id.rijksmuseum.nl/200510215,https://id.rijksmuseum.nl/202510215,prints_all,200?
Karel Wetselaar,De Hampolder,2008,https://id.rijksmuseum.nl/200510217,https://id.rijksmuseum.nl/202510217,prints_all,200?
Karel Wetselaar,Oude gracht - Utrecht,2008,https://id.rijksmuseum.nl/200510218,https://id.rijksmuseum.nl/202510218,prints_all,200?
Karel Wetselaar,Hooischuir - Hampolder,2008,https://id.rijksmuseum.nl/200510219,https://id.rijksmuseum.nl/202510219,prints_all,200?
Karel Wetselaar,Winter,2008,https://id.rijksmuseum.nl/200510220,https://id.rijksmuseum.nl/202510220,prints_all,200?
Dirck Nab,Duinlandschap,2005,https://id.rijksmuseum.nl/200510260,https://id.rijksmuseum.nl/202510260,prints_all,200?
Klaas Gubbels,Zonder titel (tafel en vier stoelen),2003,https://id.rijksmuseum.nl/200510307,https://id.rijksmuseum.nl/202510307,prints_all,200?
Karel Wetselaar,De Hampolder,2005,https://id.rijksmuseum.nl/200517211,https://id.rijksmuseum.nl/202517211,prints_all,200?
Karel Wetselaar,"Waterlooplein, Amsterdam",2009,https://id.rijksmuseum.nl/200519942,https://id.rijksmuseum.nl/202519942,prints_all,200?
Karel Wetselaar,"Vijlen, Limburg",2009,https://id.rijksmuseum.nl/200519943,https://id.rijksmuseum.nl/202519943,prints_all,200?
Karel Wetselaar,"Hintham, De Aa",2009,https://id.rijksmuseum.nl/200519944,https://id.rijksmuseum.nl/202519944,prints_all,200?
Karel Wetselaar,Winter,2009,https://id.rijksmuseum.nl/200519945,https://id.rijksmuseum.nl/202519945,prints_all,200?
Karel Wetselaar,Mist II,2009,https://id.rijksmuseum.nl/200519946,https://id.rijksmuseum.nl/202519946,prints_all,200?
Karel Wetselaar,Landschap,2009,https://id.rijksmuseum.nl/200519947,https://id.rijksmuseum.nl/202519947,prints_all,200?
Karel Wetselaar,Fantasielandschap,2009,https://id.rijksmuseum.nl/200519948,https://id.rijksmuseum.nl/202519948,prints_all,200?
Karel Wetselaar,Guisveldpolder,2008,https://id.rijksmuseum.nl/200519949,https://id.rijksmuseum.nl/202519949,prints_all,200?
Karel Wetselaar,Hampolder,2009,https://id.rijksmuseum.nl/200519950,https://id.rijksmuseum.nl/202519950,prints_all,200?
Karel Wetselaar,Hampolder,2008,https://id.rijksmuseum.nl/200519951,https://id.rijksmuseum.nl/202519951,prints_all,200?
Karel Wetselaar,Mist I,2009,https://id.rijksmuseum.nl/200519952,https://id.rijksmuseum.nl/202519952,prints_all,200?
Charles Donker,Godlinzer Oude Dijk I,2009,https://id.rijksmuseum.nl/200521250,https://id.rijksmuseum.nl/202521250,prints_all,200?
Ben Joosten,Inwijding,2009,https://id.rijksmuseum.nl/200521344,https://id.rijksmuseum.nl/202521344,prints_all,200?
Ben Joosten,Ex libris van Elisabeth Pennings-Schreurs en blindstempel van Geert van Daal,2006,https://id.rijksmuseum.nl/200522051,https://id.rijksmuseum.nl/202522051,prints_all,200?
Ben Joosten,MMVI! Koppermaandag in de marge,2006,https://id.rijksmuseum.nl/200522054,https://id.rijksmuseum.nl/202522054,prints_all,200?
Ben Joosten,MMVI! Koppermaandag in de marge,2006,https://id.rijksmuseum.nl/200522110,https://id.rijksmuseum.nl/202522110,prints_all,200?
Ben Joosten,Hanne,2009,https://id.rijksmuseum.nl/200522121,https://id.rijksmuseum.nl/202522121,prints_all,200?
Charles Donker,"Berkenbos, Suffolk, Natuurreservaat Great Fen",2006,https://id.rijksmuseum.nl/200523881,https://id.rijksmuseum.nl/202523881,prints_all,200?
Charles Donker,Uitzicht vanuit de tuin in Godlinze,2008,https://id.rijksmuseum.nl/200523893,https://id.rijksmuseum.nl/202523893,prints_all,200?
Lou Strik,Groep mannen waarvan één met hengel waar een pop aanhangt en een ander met een harpij op zijn hoofd,2000,https://id.rijksmuseum.nl/200527302,https://id.rijksmuseum.nl/202527302,prints_all,200?
Karel Wetselaar,Winter,2009,https://id.rijksmuseum.nl/200530801,https://id.rijksmuseum.nl/202530801,prints_all,200?
Karel Wetselaar,Vijlen,2009,https://id.rijksmuseum.nl/200535958,https://id.rijksmuseum.nl/202535958,prints_all,200?
Hans Landsaat,Uitnodiging voor het feest op 7 april 2001 t.g.v. het huwelijk van Frits Brand en Willem van der Hulst,2001,https://id.rijksmuseum.nl/200536176,https://id.rijksmuseum.nl/202536176,prints_all,200?
Hans Landsaat,Achterwaarts  Reizen,2001,https://id.rijksmuseum.nl/200536192,https://id.rijksmuseum.nl/202536192,prints_all,200?
Hans Landsaat,Het lege midden,2008,https://id.rijksmuseum.nl/200536489,https://id.rijksmuseum.nl/202536489,prints_all,200?
Hans Landsaat,Licht van mijn leven,2000,https://id.rijksmuseum.nl/200538212,https://id.rijksmuseum.nl/202538212,prints_all,200?
Hans Landsaat,Licht van mijn leven. I:  Aude,2000,https://id.rijksmuseum.nl/200538214,https://id.rijksmuseum.nl/202538214,prints_all,200?
Hans Landsaat,Licht van mijn leven. IV:  De minne,2000,https://id.rijksmuseum.nl/200538215,https://id.rijksmuseum.nl/202538215,prints_all,200?
Hans Landsaat,Licht van mijn leven. VII:  De prinses,2000,https://id.rijksmuseum.nl/200538216,https://id.rijksmuseum.nl/202538216,prints_all,200?
Hans Landsaat,Licht van mijn leven. X:  Amalia,2000,https://id.rijksmuseum.nl/200538218,https://id.rijksmuseum.nl/202538218,prints_all,200?
Margherita Pianarosa,Straat met lantaarnpalen,2001,https://id.rijksmuseum.nl/200539352,https://id.rijksmuseum.nl/202539352,prints_all,200?
Margherita Pianarosa,Vertakte lantaarnpaal met vogels,2001,https://id.rijksmuseum.nl/200539353,https://id.rijksmuseum.nl/202539353,prints_all,200?
Siemen Dijkstra,Bork Beuk No. 2,2008,https://id.rijksmuseum.nl/200540245,https://id.rijksmuseum.nl/202540245,prints_all,200?
Dick Bruna,Voorkant en schutblad,2003,https://id.rijksmuseum.nl/200541552,https://id.rijksmuseum.nl/202541552,prints_all,200?
Dick Bruna,Titelpagina,2003,https://id.rijksmuseum.nl/200541927,https://id.rijksmuseum.nl/202541927,prints_all,200?
Dick Bruna,Design Stages for miffy’s letter,2003,https://id.rijksmuseum.nl/200541928,https://id.rijksmuseum.nl/202541928,prints_all,200?
Dick Bruna,Design Stages for miffy’s letter,2003,https://id.rijksmuseum.nl/200541929,https://id.rijksmuseum.nl/202541929,prints_all,200?
Dick Bruna,Drie konijnen in gekleurde truien,2003,https://id.rijksmuseum.nl/200541930,https://id.rijksmuseum.nl/202541930,prints_all,200?
Dick Bruna,Vlinders,2003,https://id.rijksmuseum.nl/200541931,https://id.rijksmuseum.nl/202541931,prints_all,200?
Dick Bruna,De brief van nijntje,2003,https://id.rijksmuseum.nl/200541932,https://id.rijksmuseum.nl/202541932,prints_all,200?
Dick Bruna,Stenen,2003,https://id.rijksmuseum.nl/200541933,https://id.rijksmuseum.nl/202541933,prints_all,200?
Dick Bruna,De brief van nijntje,2003,https://id.rijksmuseum.nl/200541935,https://id.rijksmuseum.nl/202541935,prints_all,200?
Dick Bruna,Vier konijnen die een rij vormen,2003,https://id.rijksmuseum.nl/200541936,https://id.rijksmuseum.nl/202541936,prints_all,200?
Dick Bruna,Ontwerpstadia voor de brief van nijntje,2003,https://id.rijksmuseum.nl/200541937,https://id.rijksmuseum.nl/202541937,prints_all,200?
Dick Bruna,Groep zittende konijnen,2003,https://id.rijksmuseum.nl/200541938,https://id.rijksmuseum.nl/202541938,prints_all,200?
Dick Bruna,De brief van nijntje,2003,https://id.rijksmuseum.nl/200541939,https://id.rijksmuseum.nl/202541939,prints_all,200?
Dick Bruna,Vier konijnen op helling,2003,https://id.rijksmuseum.nl/200541941,https://id.rijksmuseum.nl/202541941,prints_all,200?
Rolf Weijburg,Vleuten - De Meern,2000,https://id.rijksmuseum.nl/200542395,https://id.rijksmuseum.nl/202542395,prints_all,200?
Rolf Weijburg,Ilha de Goa,2000,https://id.rijksmuseum.nl/200542396,https://id.rijksmuseum.nl/202542396,prints_all,200?
Rolf Weijburg,Noord-Afrika,2001,https://id.rijksmuseum.nl/200542398,https://id.rijksmuseum.nl/202542398,prints_all,200?
Ronald Tolman,Optocht met baldakijn,2001,https://id.rijksmuseum.nl/200542807,https://id.rijksmuseum.nl/202542807,prints_all,200?
Ronald Tolman,Ruiters met gespreide armen,2001,https://id.rijksmuseum.nl/200542808,https://id.rijksmuseum.nl/202542808,prints_all,200?
Ronald Tolman,Fox Hunt,2000,https://id.rijksmuseum.nl/200542812,https://id.rijksmuseum.nl/202542812,prints_all,200?
Ronald Tolman,Steigerend paard tussen menigte,2000,https://id.rijksmuseum.nl/200542814,https://id.rijksmuseum.nl/202542814,prints_all,200?
Ronald Tolman,Twee steigerende paarden met ruiter,2000,https://id.rijksmuseum.nl/200542815,https://id.rijksmuseum.nl/202542815,prints_all,200?
Ronald Tolman,Springruiters,2000,https://id.rijksmuseum.nl/200542960,https://id.rijksmuseum.nl/202542960,prints_all,200?
Charles Donker,Landschap bij Westbroek I,2003,https://id.rijksmuseum.nl/200543503,https://id.rijksmuseum.nl/202543503,prints_all,200?
Lau Heidendael,Cherche muse (tweede versie),2002,https://id.rijksmuseum.nl/200545596,https://id.rijksmuseum.nl/202545596,prints_all,200?
Ben Joosten,Mission,2009,https://id.rijksmuseum.nl/200547309,https://id.rijksmuseum.nl/202547309,prints_all,200?
Ben Joosten,Message unknown,2009,https://id.rijksmuseum.nl/200547310,https://id.rijksmuseum.nl/202547310,prints_all,200?
Dirk Krechting,Insight,2001,https://id.rijksmuseum.nl/200547762,https://id.rijksmuseum.nl/202547762,prints_all,200?
Jan Roeland,Niewkoopse plassen bij Noorden,2000,https://id.rijksmuseum.nl/200548224,https://id.rijksmuseum.nl/202548224,prints_all,200?
"Karel Wetselaar, Krommenie",De Hampolder,2007,https://id.rijksmuseum.nl/200548804,https://id.rijksmuseum.nl/202548804,prints_all,200?
"Karel Wetselaar, Krommenie",Winter,2007,https://id.rijksmuseum.nl/200548805,https://id.rijksmuseum.nl/202548805,prints_all,200?
"Karel Wetselaar, Krommenie",Buitenschets - winter,2007,https://id.rijksmuseum.nl/200548806,https://id.rijksmuseum.nl/202548806,prints_all,200?
"Karel Wetselaar, Krommenie",Weggetje de Hampolder,2007,https://id.rijksmuseum.nl/200548807,https://id.rijksmuseum.nl/202548807,prints_all,200?
"Karel Wetselaar, Krommenie",De Hampolder X Winter,2007,https://id.rijksmuseum.nl/200548808,https://id.rijksmuseum.nl/202548808,prints_all,200?
"Karel Wetselaar, Krommenie",Polder de Ham - de stelling van A'dam,2006,https://id.rijksmuseum.nl/200548809,https://id.rijksmuseum.nl/202548809,prints_all,200?
Karel Wetselaar,Vylen - Limburg,2007,https://id.rijksmuseum.nl/200548810,https://id.rijksmuseum.nl/202548810,prints_all,200?
"Karel Wetselaar, Krommenie",Winter- De Hampolder VIII,2007,https://id.rijksmuseum.nl/200548811,https://id.rijksmuseum.nl/202548811,prints_all,200?
"Karel Wetselaar, Krommenie",De Hampolder,2007,https://id.rijksmuseum.nl/200548812,https://id.rijksmuseum.nl/202548812,prints_all,200?
"Karel Wetselaar, Krommenie",Winter- De Hampolder IX,2007,https://id.rijksmuseum.nl/200548813,https://id.rijksmuseum.nl/202548813,prints_all,200?
Ko Oosterkerk,Om het zwart,2000,https://id.rijksmuseum.nl/200549731,https://id.rijksmuseum.nl/202549731,prints_all,200?
Ko Oosterkerk,Het stille land,2001,https://id.rijksmuseum.nl/200549738,https://id.rijksmuseum.nl/202549738,prints_all,200?
Ko Oosterkerk,Nacht,2002,https://id.rijksmuseum.nl/200549740,https://id.rijksmuseum.nl/202549740,prints_all,200?
Ko Oosterkerk,Om het zwart,2002,https://id.rijksmuseum.nl/200549742,https://id.rijksmuseum.nl/202549742,prints_all,200?
Ko Oosterkerk,Hommage à Paul Butti II,2003,https://id.rijksmuseum.nl/200549752,https://id.rijksmuseum.nl/202549752,prints_all,200?
Ronald Tolman,Rooskleurige dagen,2002,https://id.rijksmuseum.nl/200553270,https://id.rijksmuseum.nl/202553270,prints_all,200?
Ronald Tolman,Zonder titel I,2000,https://id.rijksmuseum.nl/200553284,https://id.rijksmuseum.nl/202553284,prints_all,200?
Rolf Weijburg,Home: Manhattan NY,2000,https://id.rijksmuseum.nl/200557437,https://id.rijksmuseum.nl/202557437,prints_all,200?
Rolf Weijburg,Home Praha CZ,2002,https://id.rijksmuseum.nl/200557442,https://id.rijksmuseum.nl/202557442,prints_all,200?
Livio Ceschin,Luci Siciliane,2002,https://id.rijksmuseum.nl/200597400,https://id.rijksmuseum.nl/202597400,prints_all,200?
Livio Ceschin,Vegetatie,2002,https://id.rijksmuseum.nl/200597401,https://id.rijksmuseum.nl/202597401,prints_all,200?
Livio Ceschin,Aan de oevers van de Po,2002,https://id.rijksmuseum.nl/200597403,https://id.rijksmuseum.nl/202597403,prints_all,200?
Dick Bruna,De brief van nijntje,2003,https://id.rijksmuseum.nl/200607955,https://id.rijksmuseum.nl/202607955,prints_all,200?
Yvonne Struys,Landschap met drie rotsen,2000,https://id.rijksmuseum.nl/200713826,https://id.rijksmuseum.nl/202713826,prints_all,200?
Carel Blotkamp,For the One,2001,https://id.rijksmuseum.nl/200726218,https://id.rijksmuseum.nl/202726218,prints_all,200?
Karel Wetselaar,Langs de Amstel - Amsterdam,2004,https://id.rijksmuseum.nl/200733380,https://id.rijksmuseum.nl/202733380,prints_all,200?
Karel Wetselaar,Boot aan de Amstel - A'dam,2004,https://id.rijksmuseum.nl/200733381,https://id.rijksmuseum.nl/202733381,prints_all,200?
Karel Wetselaar,Natuurgebied Ham & Crommenije,2004,https://id.rijksmuseum.nl/200734243,https://id.rijksmuseum.nl/202734243,prints_all,200?
Karel Wetselaar,Boerenstallen tussen Krommenie - Uitgeest,2004,https://id.rijksmuseum.nl/200734245,https://id.rijksmuseum.nl/202734245,prints_all,200?
Karel Wetselaar,Boerderij tussen Krommenie - Uitgeest,2004,https://id.rijksmuseum.nl/200734247,https://id.rijksmuseum.nl/202734247,prints_all,200?
Karel Wetselaar,Molen de Woudaap,2004,https://id.rijksmuseum.nl/200734250,https://id.rijksmuseum.nl/202734250,prints_all,200?
Karel Wetselaar,Polder de Ham,2004,https://id.rijksmuseum.nl/200734252,https://id.rijksmuseum.nl/202734252,prints_all,200?
Wendelien Schönfeld,Groot Uitzicht,2004,https://id.rijksmuseum.nl/200761053,https://id.rijksmuseum.nl/202761053,prints_all,200?
Michael Landy,Oxford Ragwort,2002,https://id.rijksmuseum.nl/200762938,https://id.rijksmuseum.nl/202762938,prints_all,200?
"Ayomi Yoshida, Japan",White Marks c.r.a.,2001,https://id.rijksmuseum.nl/200770370,https://id.rijksmuseum.nl/202770370,prints_all,200?
"Peter Lazarov, Groningen",Peter Lazarov - A selection of engravings with introduction of the artist,2003,https://id.rijksmuseum.nl/200783222,https://id.rijksmuseum.nl/202783222,prints_all,200?
Peter Lazarov,Monsterachtig figuur met klauwen en vleugels,2003,https://id.rijksmuseum.nl/200783224,https://id.rijksmuseum.nl/202783224,prints_all,200?
Peter Lazarov,"Monster, hoofd van een beeld en gewelf",2002,https://id.rijksmuseum.nl/200783232,https://id.rijksmuseum.nl/202783232,prints_all,200?
Peter Lazarov,Rennende man met veer,2003,https://id.rijksmuseum.nl/200783237,https://id.rijksmuseum.nl/202783237,prints_all,200?
Peter Lazarov,Antonia Vermue Ex Libris,2003,https://id.rijksmuseum.nl/200783251,https://id.rijksmuseum.nl/202783251,prints_all,200?
Peter Lazarov,Ex libris van Antoon Ott,2001,https://id.rijksmuseum.nl/200783259,https://id.rijksmuseum.nl/202783259,prints_all,200?
"Peter Lazarov, Groningen",Ichigoro Uchida (2000),2000,https://id.rijksmuseum.nl/200783261,https://id.rijksmuseum.nl/202783261,prints_all,200?
"Peter Lazarov, Groningen",Ex libris van Pieter Jonker,2003,https://id.rijksmuseum.nl/200783262,https://id.rijksmuseum.nl/202783262,prints_all,200?
"Peter Lazarov, Groningen",Doryn Pestalozzi (2002),2002,https://id.rijksmuseum.nl/200783263,https://id.rijksmuseum.nl/202783263,prints_all,200?
"Peter Lazarov, Groningen",IV. Free Work 2,2003,https://id.rijksmuseum.nl/200783288,https://id.rijksmuseum.nl/202783288,prints_all,200?
"Peter Lazarov, Groningen",Ego in Arcadia (2001),2001,https://id.rijksmuseum.nl/200783300,https://id.rijksmuseum.nl/202783300,prints_all,200?
"Peter Lazarov, Groningen",Heartbeat (2001),2003,https://id.rijksmuseum.nl/200783305,https://id.rijksmuseum.nl/202783305,prints_all,200?
"Peter Lazarov, Groningen",Handprint (2000),2003,https://id.rijksmuseum.nl/200783333,https://id.rijksmuseum.nl/202783333,prints_all,200?
"Peter Lazarov, Groningen",Allegory (2000),2003,https://id.rijksmuseum.nl/200783335,https://id.rijksmuseum.nl/202783335,prints_all,200?
Peter Lazarov,Spring (1996),2000,https://id.rijksmuseum.nl/200783339,https://id.rijksmuseum.nl/202783339,prints_all,200?
Siemen Dijkstra,Why? All the pain in the world on your doorstep,2006,https://id.rijksmuseum.nl/200790104,https://id.rijksmuseum.nl/202790104,prints_all,200?
Siemen Dijkstra,Esmeralda V,2006,https://id.rijksmuseum.nl/200790105,https://id.rijksmuseum.nl/202790105,prints_all,200?
Siemen Dijkstra,Corvus Frugilegus,2006,https://id.rijksmuseum.nl/200790106,https://id.rijksmuseum.nl/202790106,prints_all,200?
Siemen Dijkstra,Daily round II,2002,https://id.rijksmuseum.nl/200790109,https://id.rijksmuseum.nl/202790109,prints_all,200?
Siemen Dijkstra,Solaris,2000,https://id.rijksmuseum.nl/200790117,https://id.rijksmuseum.nl/202790117,prints_all,200?
Siemen Dijkstra,De groene bork,2003,https://id.rijksmuseum.nl/200790118,https://id.rijksmuseum.nl/202790118,prints_all,200?
Siemen Dijkstra,Septemberochtend op het Leggelderveld,2005,https://id.rijksmuseum.nl/200790124,https://id.rijksmuseum.nl/202790124,prints_all,200?
Siemen Dijkstra,"Oranjekanaal NZ, zomermiddag nabij Diphorsten en Puttershoek",2007,https://id.rijksmuseum.nl/200790127,https://id.rijksmuseum.nl/202790127,prints_all,200?
Siemen Dijkstra,Gastersche Diep,2009,https://id.rijksmuseum.nl/200790128,https://id.rijksmuseum.nl/202790128,prints_all,200?
Siemen Dijkstra,Holtveen,2009,https://id.rijksmuseum.nl/200790129,https://id.rijksmuseum.nl/202790129,prints_all,200?
Siemen Dijkstra,Winter richting noord nabij Slichteveen,2008,https://id.rijksmuseum.nl/200790131,https://id.rijksmuseum.nl/202790131,prints_all,200?
Siemen Dijkstra,Bongveen,2009,https://id.rijksmuseum.nl/200790144,https://id.rijksmuseum.nl/202790144,prints_all,200?
"Peter Lazarov, Groningen",Peter Lazarov - A selection of engravings with introduction of the artist,2003,https://id.rijksmuseum.nl/200805635,https://id.rijksmuseum.nl/202805635,prints_all,200?
Siemen Dijkstra,"Observations from a borderland, Noordzee",2009,https://id.rijksmuseum.nl/2008361,https://id.rijksmuseum.nl/2028361,prints_all,200?
Siemen Dijkstra,Hooge Maden,2009,https://id.rijksmuseum.nl/2008364,https://id.rijksmuseum.nl/2028364,prints_all,200?
Siemen Dijkstra,"Verloren akker no. 3, ‘verzopen akker’",2008,https://id.rijksmuseum.nl/2008369,https://id.rijksmuseum.nl/2028369,prints_all,200?
Harry van Kuyk,Re-Genesis,2007,https://id.rijksmuseum.nl/200871789,https://id.rijksmuseum.nl/202871789,prints_all,200?
Ronald Noorman,nr. 689,2017,https://id.rijksmuseum.nl/200759189,https://id.rijksmuseum.nl/202759189,lithografie,201?
Ronald Noorman,nr. 690,2017,https://id.rijksmuseum.nl/200759196,https://id.rijksmuseum.nl/202759196,lithografie,201?
Ronald Noorman,nr. 691,2017,https://id.rijksmuseum.nl/200759197,https://id.rijksmuseum.nl/202759197,lithografie,201?
Ronald Noorman,nr. 692,2017,https://id.rijksmuseum.nl/200759198,https://id.rijksmuseum.nl/202759198,lithografie,201?
Ronald Noorman,nr. 693,2017,https://id.rijksmuseum.nl/200759199,https://id.rijksmuseum.nl/202759199,lithografie,201?
Karel Wetselaar,De Hampolder,2010,https://id.rijksmuseum.nl/200530800,https://id.rijksmuseum.nl/202530800,prints_all,201?
Karel Wetselaar,Vaals,2010,https://id.rijksmuseum.nl/200530804,https://id.rijksmuseum.nl/202530804,prints_all,201?
Karel Wetselaar,Winter,2010,https://id.rijksmuseum.nl/200530832,https://id.rijksmuseum.nl/202530832,prints_all,201?
Karel Wetselaar,Zwerfster,2010,https://id.rijksmuseum.nl/200530852,https://id.rijksmuseum.nl/202530852,prints_all,201?
Karel Wetselaar,Zwerfster,2010,https://id.rijksmuseum.nl/200530854,https://id.rijksmuseum.nl/202530854,prints_all,201?
Karel Wetselaar,Late avond - Oostzaan,2010,https://id.rijksmuseum.nl/200530858,https://id.rijksmuseum.nl/202530858,prints_all,201?
Karel Wetselaar,Winter,2010,https://id.rijksmuseum.nl/200530861,https://id.rijksmuseum.nl/202530861,prints_all,201?
Dirck Nab,Duinlandschap,2010,https://id.rijksmuseum.nl/200536995,https://id.rijksmuseum.nl/202536995,prints_all,201?
Dirck Nab,Bos in de winter,2010,https://id.rijksmuseum.nl/200536996,https://id.rijksmuseum.nl/202536996,prints_all,201?
Dirck Nab,Duinlandschap,2010,https://id.rijksmuseum.nl/200537000,https://id.rijksmuseum.nl/202537000,prints_all,201?
Dirck Nab,Duinlandschap,2010,https://id.rijksmuseum.nl/200537001,https://id.rijksmuseum.nl/202537001,prints_all,201?
Karel Wetselaar,Dordrecht,2011,https://id.rijksmuseum.nl/200538805,https://id.rijksmuseum.nl/202538805,prints_all,201?
Karel Wetselaar,Krommenie,2011,https://id.rijksmuseum.nl/200538806,https://id.rijksmuseum.nl/202538806,prints_all,201?
Karel Wetselaar,Mist III,2011,https://id.rijksmuseum.nl/200538807,https://id.rijksmuseum.nl/202538807,prints_all,201?
Karel Wetselaar,Mist II,2011,https://id.rijksmuseum.nl/200538808,https://id.rijksmuseum.nl/202538808,prints_all,201?
Karel Wetselaar,Omgeslagen riet,2011,https://id.rijksmuseum.nl/200538809,https://id.rijksmuseum.nl/202538809,prints_all,201?
Karel Wetselaar,Krommenie,2011,https://id.rijksmuseum.nl/200538810,https://id.rijksmuseum.nl/202538810,prints_all,201?
Karel Wetselaar,Mist,2011,https://id.rijksmuseum.nl/200538811,https://id.rijksmuseum.nl/202538811,prints_all,201?
Karel Wetselaar,Prinseneiland Amsterdam,2011,https://id.rijksmuseum.nl/200538812,https://id.rijksmuseum.nl/202538812,prints_all,201?
Karel Wetselaar,Dordrecht,2010,https://id.rijksmuseum.nl/200538813,https://id.rijksmuseum.nl/202538813,prints_all,201?
Charles Donker,Lek-landschap,2010,https://id.rijksmuseum.nl/200542845,https://id.rijksmuseum.nl/202542845,prints_all,201?
Charles Donker,Gezicht op de Lek,2010,https://id.rijksmuseum.nl/200542846,https://id.rijksmuseum.nl/202542846,prints_all,201?
Charles Donker,Gezicht op de Lek,2010,https://id.rijksmuseum.nl/200542849,https://id.rijksmuseum.nl/202542849,prints_all,201?
Charles Donker,Gezicht op de Lek,2010,https://id.rijksmuseum.nl/200542850,https://id.rijksmuseum.nl/202542850,prints_all,201?
Lau Heidendael,Vondelpark,2011,https://id.rijksmuseum.nl/200545598,https://id.rijksmuseum.nl/202545598,prints_all,201?
Bert Keller,Digitalis II,2012,https://id.rijksmuseum.nl/200548112,https://id.rijksmuseum.nl/202548112,prints_all,201?
Karel Wetselaar,Brug met ronde railing,2012,https://id.rijksmuseum.nl/200548174,https://id.rijksmuseum.nl/202548174,prints_all,201?
Karel Wetselaar,Kale jonge bomen tussen riet,2012,https://id.rijksmuseum.nl/200548175,https://id.rijksmuseum.nl/202548175,prints_all,201?
Karel Wetselaar,Mist XV,2012,https://id.rijksmuseum.nl/200548176,https://id.rijksmuseum.nl/202548176,prints_all,201?
Karel Wetselaar,Hekwerk bij T-splitsing,2012,https://id.rijksmuseum.nl/200548177,https://id.rijksmuseum.nl/202548177,prints_all,201?
Karel Wetselaar,Mist XIII,2012,https://id.rijksmuseum.nl/200548178,https://id.rijksmuseum.nl/202548178,prints_all,201?
Ko Oosterkerk,Horizon,2010,https://id.rijksmuseum.nl/200549743,https://id.rijksmuseum.nl/202549743,prints_all,201?
Ko Oosterkerk,Afvalberg,2010,https://id.rijksmuseum.nl/200549744,https://id.rijksmuseum.nl/202549744,prints_all,201?
Karel Wetselaar,Mist XII,2012,https://id.rijksmuseum.nl/200549847,https://id.rijksmuseum.nl/202549847,prints_all,201?
Karel Wetselaar,Mist XI,2012,https://id.rijksmuseum.nl/200549848,https://id.rijksmuseum.nl/202549848,prints_all,201?
Karel Wetselaar,Mist X (winter),2012,https://id.rijksmuseum.nl/200549849,https://id.rijksmuseum.nl/202549849,prints_all,201?
Karel Wetselaar,Mist XI (winter),2012,https://id.rijksmuseum.nl/200549850,https://id.rijksmuseum.nl/202549850,prints_all,201?
Karel Wetselaar,Mist IV,2011,https://id.rijksmuseum.nl/200549851,https://id.rijksmuseum.nl/202549851,prints_all,201?
Karel Wetselaar,Mist V,2012,https://id.rijksmuseum.nl/200549852,https://id.rijksmuseum.nl/202549852,prints_all,201?
Karel Wetselaar,Mist VI,2011,https://id.rijksmuseum.nl/200549853,https://id.rijksmuseum.nl/202549853,prints_all,201?
Karel Wetselaar,Mist VII,2012,https://id.rijksmuseum.nl/200549854,https://id.rijksmuseum.nl/202549854,prints_all,201?
Karel Wetselaar,Rietkraag en bomen,2011,https://id.rijksmuseum.nl/200549855,https://id.rijksmuseum.nl/202549855,prints_all,201?
Karel Wetselaar,Avondwolken 1,2012,https://id.rijksmuseum.nl/200572335,https://id.rijksmuseum.nl/202572335,prints_all,201?
Karel Wetselaar,Avondwolken 2,2012,https://id.rijksmuseum.nl/200586783,https://id.rijksmuseum.nl/202586783,prints_all,201?
Karel Wetselaar,Avondwolken 3,2012,https://id.rijksmuseum.nl/200586784,https://id.rijksmuseum.nl/202586784,prints_all,201?
Karel Wetselaar,Winter,2012,https://id.rijksmuseum.nl/200586785,https://id.rijksmuseum.nl/202586785,prints_all,201?
"Karel Wetselaar, Nederland",Hampolder,2013,https://id.rijksmuseum.nl/200586790,https://id.rijksmuseum.nl/202586790,prints_all,201?
"Karel Wetselaar, Nederland",Polder,2013,https://id.rijksmuseum.nl/200586794,https://id.rijksmuseum.nl/202586794,prints_all,201?
Karel Wetselaar,"Landschap met water, velden en kerktoren",2013,https://id.rijksmuseum.nl/200586799,https://id.rijksmuseum.nl/202586799,prints_all,201?
Karel Wetselaar,"Landschap met weg, hekken en velden",2013,https://id.rijksmuseum.nl/200586801,https://id.rijksmuseum.nl/202586801,prints_all,201?
Karel Wetselaar,Winter,2013,https://id.rijksmuseum.nl/200586803,https://id.rijksmuseum.nl/202586803,prints_all,201?
"Karel Wetselaar, Nederland",Winter,2013,https://id.rijksmuseum.nl/200586804,https://id.rijksmuseum.nl/202586804,prints_all,201?
Karel Wetselaar,Winter,2013,https://id.rijksmuseum.nl/200586805,https://id.rijksmuseum.nl/202586805,prints_all,201?
Siemen Dijkstra,Gasterense Diep,2011,https://id.rijksmuseum.nl/200790160,https://id.rijksmuseum.nl/202790160,prints_all,201?
Siemen Dijkstra,Moordenaarsveen,2011,https://id.rijksmuseum.nl/2008360,https://id.rijksmuseum.nl/2028360,prints_all,201?
Sigrid Calon,Compositie SC_1/1_1/2_1/4_1/8,2021,https://id.rijksmuseum.nl/2009837,https://id.rijksmuseum.nl/2029837,compositie,202?
Sigrid Calon,Compositie SC_1/1_1/2_1/4_1/8,2021,https://id.rijksmuseum.nl/2009838,https://id.rijksmuseum.nl/2029838,compositie,202?
Sigrid Calon,Compositie SC_1/1_1/2_1/4_1/8,2021,https://id.rijksmuseum.nl/2009839,https://id.rijksmuseum.nl/2029839,compositie,202?
Sigrid Calon,Compositie SC_1/1_1/2_1/4_1/8,2021,https://id.rijksmuseum.nl/2009840,https://id.rijksmuseum.nl/2029840,compositie,202?
Sigrid Calon,Compositie SC_1/1_1/2_1/4_1/8,2021,https://id.rijksmuseum.nl/2009841,https://id.rijksmuseum.nl/2029841,compositie,202?
Sigrid Calon,Compositie SC_1/1_1/2_1/4_1/8,2021,https://id.rijksmuseum.nl/2009842,https://id.rijksmuseum.nl/2029842,compositie,202?
Sigrid Calon,Compositie SC_1/1_1/2_1/4_1/8,2021,https://id.rijksmuseum.nl/2009843,https://id.rijksmuseum.nl/2029843,compositie,202?
Sigrid Calon,Compositie SC_1/1_1/2_1/4_1/8,2021,https://id.rijksmuseum.nl/2009844,https://id.rijksmuseum.nl/2029844,compositie,202?
Sigrid Calon,Compositie SC_1/1_1/2_1/4_1/8,2021,https://id.rijksmuseum.nl/2009845,https://id.rijksmuseum.nl/2029845,compositie,202?
Sigrid Calon,Compositie SC_1/1_1/2_1/4_1/8,2021,https://id.rijksmuseum.nl/2009846,https://id.rijksmuseum.nl/2029846,compositie,202?
Sigrid Calon,Compositie SC_1/1_1/2_1/4_1/8,2021,https://id.rijksmuseum.nl/2009847,https://id.rijksmuseum.nl/2029847,compositie,202?
Sigrid Calon,Compositie SC_1/1_1/2_1/4_1/8,2021,https://id.rijksmuseum.nl/2009848,https://id.rijksmuseum.nl/2029848,compositie,202?
Sigrid Calon,Compositie SC_1/1_1/2_1/4_1/8,2021,https://id.rijksmuseum.nl/2009849,https://id.rijksmuseum.nl/2029849,compositie,202?
Sigrid Calon,Compositie SC_1/1_1/2_1/4_1/8,2021,https://id.rijksmuseum.nl/2009850,https://id.rijksmuseum.nl/2029850,compositie,202?
Sigrid Calon,Compositie SC_1/1_1/2_1/4_1/8,2021,https://id.rijksmuseum.nl/2009851,https://id.rijksmuseum.nl/2029851,compositie,202?
Sigrid Calon,Compositie SC_1/1_1/2_1/4_1/8,2021,https://id.rijksmuseum.nl/2009852,https://id.rijksmuseum.nl/2029852,compositie,202?
Sigrid Calon,Compositie SC_1/1_1/2_1/4_1/8,2021,https://id.rijksmuseum.nl/2009853,https://id.rijksmuseum.nl/2029853,compositie,202?
Sigrid Calon,Compositie SC_1/1_1/2_1/4_1/8,2021,https://id.rijksmuseum.nl/2009854,https://id.rijksmuseum.nl/2029854,compositie,202?
Sigrid Calon,Compositie SC_1/1_1/2_1/4_1/8,2021,https://id.rijksmuseum.nl/2009855,https://id.rijksmuseum.nl/2029855,compositie,202?
Sigrid Calon,Compositie SC_1/1_1/2_1/4_1/8,2021,https://id.rijksmuseum.nl/2009856,https://id.rijksmuseum.nl/2029856,compositie,202?
Sigrid Calon,Compositie SC_1/1_1/2_1/4_1/8,2021,https://id.rijksmuseum.nl/2009857,https://id.rijksmuseum.nl/2029857,compositie,202?
Sigrid Calon,Compositie SC_1/1_1/2_1/4_1/8,2021,https://id.rijksmuseum.nl/2009858,https://id.rijksmuseum.nl/2029858,compositie,202?
Sigrid Calon,Compositie SC_1/1_1/2_1/4_1/8,2021,https://id.rijksmuseum.nl/2009859,https://id.rijksmuseum.nl/2029859,compositie,202?
Sigrid Calon,Compositie SC_1/1_1/2_1/4_1/8,2021,https://id.rijksmuseum.nl/2009860,https://id.rijksmuseum.nl/2029860,compositie,202?
Sigrid Calon,Compositie SC_1/1_1/2_1/4_1/8,2021,https://id.rijksmuseum.nl/2009861,https://id.rijksmuseum.nl/2029861,compositie,202?
Sigrid Calon,Compositie SC_1/1_1/2_1/4_1/8,2021,https://id.rijksmuseum.nl/2009862,https://id.rijksmuseum.nl/2029862,compositie,202?
Sigrid Calon,Compositie SC_1/1_1/2_1/4_1/8,2021,https://id.rijksmuseum.nl/2009863,https://id.rijksmuseum.nl/2029863,compositie,202?
Sigrid Calon,Compositie SC_1/1_1/2_1/4_1/8,2021,https://id.rijksmuseum.nl/2009864,https://id.rijksmuseum.nl/2029864,compositie,202?
Sigrid Calon,Compositie SC_1/1_1/2_1/4_1/8,2021,https://id.rijksmuseum.nl/2009865,https://id.rijksmuseum.nl/2029865,compositie,202?
Sigrid Calon,Compositie SC_1/1_1/2_1/4_1/8,2021,https://id.rijksmuseum.nl/2009866,https://id.rijksmuseum.nl/2029866,compositie,202?
Sigrid Calon,Compositie SC_1/1_1/2_1/4_1/8,2021,https://id.rijksmuseum.nl/2009867,https://id.rijksmuseum.nl/2029867,compositie,202?
Sigrid Calon,Compositie SC_1/1_1/2_1/4_1/8,2021,https://id.rijksmuseum.nl/2009868,https://id.rijksmuseum.nl/2029868,compositie,202?
Sigrid Calon,Compositie SC_1/1_1/2_1/4_1/8,2021,https://id.rijksmuseum.nl/2009869,https://id.rijksmuseum.nl/2029869,compositie,202?
Sigrid Calon,Compositie SC_1/1_1/2_1/4_1/8,2021,https://id.rijksmuseum.nl/2009870,https://id.rijksmuseum.nl/2029870,compositie,202?
Sigrid Calon,Compositie SC_1/1_1/2_1/4_1/8,2021,https://id.rijksmuseum.nl/2009871,https://id.rijksmuseum.nl/2029871,compositie,202?
Sigrid Calon,Compositie SC_1/1_1/2_1/4_1/8,2021,https://id.rijksmuseum.nl/2009872,https://id.rijksmuseum.nl/2029872,compositie,202?
Sigrid Calon,Compositie SC_1/1_1/2_1/4_1/8,2021,https://id.rijksmuseum.nl/2009873,https://id.rijksmuseum.nl/2029873,compositie,202?
Sigrid Calon,Compositie SC_1/1_1/2_1/4_1/8,2021,https://id.rijksmuseum.nl/2009874,https://id.rijksmuseum.nl/2029874,compositie,202?
Sigrid Calon,Compositie SC_1/1_1/2_1/4_1/8,2021,https://id.rijksmuseum.nl/2009875,https://id.rijksmuseum.nl/2029875,compositie,202?
Sigrid Calon,Compositie SC_1/1_1/2_1/4_1/8,2021,https://id.rijksmuseum.nl/2009876,https://id.rijksmuseum.nl/2029876,compositie,202?
Sigrid Calon,Compositie SC_1/1_1/2_1/4_1/8,2021,https://id.rijksmuseum.nl/2009877,https://id.rijksmuseum.nl/2029877,compositie,202?
Sigrid Calon,Compositie SC_1/1_1/2_1/4_1/8,2021,https://id.rijksmuseum.nl/2009878,https://id.rijksmuseum.nl/2029878,compositie,202?
Sigrid Calon,Compositie SC_1/1_1/2_1/4_1/8,2021,https://id.rijksmuseum.nl/2009879,https://id.rijksmuseum.nl/2029879,compositie,202?
Sigrid Calon,Compositie SC_1/1_1/2_1/4_1/8,2021,https://id.rijksmuseum.nl/2009880,https://id.rijksmuseum.nl/2029880,compositie,202?
Sigrid Calon,Compositie SC_1/1_1/2_1/4_1/8,2021,https://id.rijksmuseum.nl/2009881,https://id.rijksmuseum.nl/2029881,compositie,202?
Sigrid Calon,Compositie SC_1/1_1/2_1/4_1/8,2021,https://id.rijksmuseum.nl/2009882,https://id.rijksmuseum.nl/2029882,compositie,202?
Sigrid Calon,Compositie SC_1/1_1/2_1/4_1/8,2021,https://id.rijksmuseum.nl/2009883,https://id.rijksmuseum.nl/2029883,compositie,202?
Sigrid Calon,Compositie SC_1/1_1/2_1/4_1/8,2021,https://id.rijksmuseum.nl/2009884,https://id.rijksmuseum.nl/2029884,compositie,202?
Sigrid Calon,Compositie SC_1/1_1/2_1/4_1/8,2021,https://id.rijksmuseum.nl/2009885,https://id.rijksmuseum.nl/2029885,compositie,202?
Sigrid Calon,Compositie SC_1/1_1/2_1/4_1/8,2021,https://id.rijksmuseum.nl/2009886,https://id.rijksmuseum.nl/2029886,compositie,202?
Sigrid Calon,Compositie SC_1/1_1/2_1/4_1/8,2021,https://id.rijksmuseum.nl/2009887,https://id.rijksmuseum.nl/2029887,compositie,202?
Sigrid Calon,Compositie SC_1/1_1/2_1/4_1/8,2021,https://id.rijksmuseum.nl/2009888,https://id.rijksmuseum.nl/2029888,compositie,202?
Sigrid Calon,Compositie SC_1/1_1/2_1/4_1/8,2021,https://id.rijksmuseum.nl/2009889,https://id.rijksmuseum.nl/2029889,compositie,202?
Sigrid Calon,Compositie SC_1/1_1/2_1/4_1/8,2021,https://id.rijksmuseum.nl/2009890,https://id.rijksmuseum.nl/2029890,compositie,202?
Sigrid Calon,Compositie SC_1/1_1/2_1/4_1/8,2021,https://id.rijksmuseum.nl/2009891,https://id.rijksmuseum.nl/2029891,compositie,202?
Sigrid Calon,Compositie SC_1/1_1/2_1/4_1/8,2021,https://id.rijksmuseum.nl/2009892,https://id.rijksmuseum.nl/2029892,compositie,202?
Sigrid Calon,Compositie SC_1/1_1/2_1/4_1/8,2021,https://id.rijksmuseum.nl/2009893,https://id.rijksmuseum.nl/2029893,compositie,202?
Sigrid Calon,Compositie SC_1/1_1/2_1/4_1/8,2021,https://id.rijksmuseum.nl/2009894,https://id.rijksmuseum.nl/2029894,compositie,202?
Sigrid Calon,Compositie SC_1/1_1/2_1/4_1/8,2021,https://id.rijksmuseum.nl/2009895,https://id.rijksmuseum.nl/2029895,compositie,202?
Sigrid Calon,Compositie SC_1/1_1/2_1/4_1/8,2021,https://id.rijksmuseum.nl/2009896,https://id.rijksmuseum.nl/2029896,compositie,202?
Sigrid Calon,Compositie SC_1/1_1/2_1/4_1/8,2021,https://id.rijksmuseum.nl/2009897,https://id.rijksmuseum.nl/2029897,compositie,202?
Sigrid Calon,Compositie SC_1/1_1/2_1/4_1/8,2021,https://id.rijksmuseum.nl/2009898,https://id.rijksmuseum.nl/2029898,compositie,202?
Sigrid Calon,Compositie SC_1/1_1/2_1/4_1/8,2021,https://id.rijksmuseum.nl/2009899,https://id.rijksmuseum.nl/2029899,compositie,202?
Sigrid Calon,Compositie SC_1/1_1/2_1/4_1/8,2021,https://id.rijksmuseum.nl/2009900,https://id.rijksmuseum.nl/2029900,compositie,202?
Sigrid Calon,Compositie SC_1/1_1/2_1/4_1/8,2021,https://id.rijksmuseum.nl/2009901,https://id.rijksmuseum.nl/2029901,compositie,202?
Sigrid Calon,Compositie SC_1/1_1/2_1/4_1/8,2021,https://id.rijksmuseum.nl/2009902,https://id.rijksmuseum.nl/2029902,compositie,202?
Sigrid Calon,Compositie SC_1/1_1/2_1/4_1/8,2021,https://id.rijksmuseum.nl/2009903,https://id.rijksmuseum.nl/2029903,compositie,202?
Sigrid Calon,Compositie SC_1/1_1/2_1/4_1/8,2021,https://id.rijksmuseum.nl/2009904,https://id.rijksmuseum.nl/2029904,compositie,202?
Sigrid Calon,Compositie SC_1/1_1/2_1/4_1/8,2021,https://id.rijksmuseum.nl/2009905,https://id.rijksmuseum.nl/2029905,compositie,202?
Sigrid Calon,Compositie SC_1/1_1/2_1/4_1/8,2021,https://id.rijksmuseum.nl/2009906,https://id.rijksmuseum.nl/2029906,compositie,202?
Sigrid Calon,Compositie SC_1/1_1/2_1/4_1/8,2021,https://id.rijksmuseum.nl/2009907,https://id.rijksmuseum.nl/2029907,compositie,202?
Sigrid Calon,Compositie SC_1/1_1/2_1/4_1/8,2021,https://id.rijksmuseum.nl/2009908,https://id.rijksmuseum.nl/2029908,compositie,202?
Sigrid Calon,Compositie SC_1/1_1/2_1/4_1/8,2021,https://id.rijksmuseum.nl/2009909,https://id.rijksmuseum.nl/2029909,compositie,202?
Sigrid Calon,Compositie SC_1/1_1/2_1/4_1/8,2021,https://id.rijksmuseum.nl/2009910,https://id.rijksmuseum.nl/2029910,compositie,202?
Sigrid Calon,Compositie SC_1/1_1/2_1/4_1/8,2021,https://id.rijksmuseum.nl/2009911,https://id.rijksmuseum.nl/2029911,compositie,202?
Sigrid Calon,Compositie SC_1/1_1/2_1/4_1/8,2021,https://id.rijksmuseum.nl/2009912,https://id.rijksmuseum.nl/2029912,compositie,202?
Sigrid Calon,Compositie SC_1/1_1/2_1/4_1/8,2021,https://id.rijksmuseum.nl/2009913,https://id.rijksmuseum.nl/2029913,compositie,202?
Sigrid Calon,Compositie SC_1/1_1/2_1/4_1/8,2021,https://id.rijksmuseum.nl/2009914,https://id.rijksmuseum.nl/2029914,compositie,202?
Sigrid Calon,Compositie SC_1/1_1/2_1/4_1/8,2021,https://id.rijksmuseum.nl/2009915,https://id.rijksmuseum.nl/2029915,compositie,202?
Sigrid Calon,Compositie SC_1/1_1/2_1/4_1/8,2021,https://id.rijksmuseum.nl/2009916,https://id.rijksmuseum.nl/2029916,compositie,202?
Sigrid Calon,Compositie SC_1/1_1/2_1/4_1/8,2021,https://id.rijksmuseum.nl/2009917,https://id.rijksmuseum.nl/2029917,compositie,202?
Sigrid Calon,Compositie SC_1/1_1/2_1/4_1/8,2021,https://id.rijksmuseum.nl/2009918,https://id.rijksmuseum.nl/2029918,compositie,202?
Sigrid Calon,Compositie SC_1/1_1/2_1/4_1/8,2021,https://id.rijksmuseum.nl/2009919,https://id.rijksmuseum.nl/2029919,compositie,202?
Sigrid Calon,Compositie SC_1/1_1/2_1/4_1/8,2021,https://id.rijksmuseum.nl/2009920,https://id.rijksmuseum.nl/2029920,compositie,202?
Sigrid Calon,Compositie SC_1/1_1/2_1/4_1/8,2021,https://id.rijksmuseum.nl/2009921,https://id.rijksmuseum.nl/2029921,compositie,202?
Sigrid Calon,Compositie SC_1/1_1/2_1/4_1/8,2021,https://id.rijksmuseum.nl/2009922,https://id.rijksmuseum.nl/2029922,compositie,202?
Sigrid Calon,Compositie SC_1/1_1/2_1/4_1/8,2021,https://id.rijksmuseum.nl/2009923,https://id.rijksmuseum.nl/2029923,compositie,202?
Sigrid Calon,Compositie SC_1/1_1/2_1/4_1/8,2021,https://id.rijksmuseum.nl/2009924,https://id.rijksmuseum.nl/2029924,compositie,202?
Sigrid Calon,Compositie SC_1/1_1/2_1/4_1/8,2021,https://id.rijksmuseum.nl/2009925,https://id.rijksmuseum.nl/2029925,compositie,202?
Sigrid Calon,Compositie SC_1/1_1/2_1/4_1/8,2021,https://id.rijksmuseum.nl/2009926,https://id.rijksmuseum.nl/2029926,compositie,202?
Sigrid Calon,Compositie SC_1/1_1/2_1/4_1/8,2021,https://id.rijksmuseum.nl/2009927,https://id.rijksmuseum.nl/2029927,compositie,202?
Sigrid Calon,Compositie SC_1/1_1/2_1/4_1/8,2021,https://id.rijksmuseum.nl/2009928,https://id.rijksmuseum.nl/2029928,compositie,202?
Sigrid Calon,Compositie SC_1/1_1/2_1/4_1/8,2021,https://id.rijksmuseum.nl/2009929,https://id.rijksmuseum.nl/2029929,compositie,202?
Sigrid Calon,Compositie SC_1/1_1/2_1/4_1/8,2021,https://id.rijksmuseum.nl/2009930,https://id.rijksmuseum.nl/2029930,compositie,202?
Sigrid Calon,Compositie SC_1/1_1/2_1/4_1/8,2021,https://id.rijksmuseum.nl/2009931,https://id.rijksmuseum.nl/2029931,compositie,202?
Sigrid Calon,Compositie SC_1/1_1/2_1/4_1/8,2021,https://id.rijksmuseum.nl/2009932,https://id.rijksmuseum.nl/2029932,compositie,202?
Sigrid Calon,Compositie SC_1/1_1/2_1/4_1/8,2021,https://id.rijksmuseum.nl/2009933,https://id.rijksmuseum.nl/2029933,compositie,202?
Sigrid Calon,Compositie SC_1/1_1/2_1/4_1/8,2021,https://id.rijksmuseum.nl/2009934,https://id.rijksmuseum.nl/2029934,compositie,202?
Sigrid Calon,Compositie SC_1/1_1/2_1/4_1/8,2021,https://id.rijksmuseum.nl/2009935,https://id.rijksmuseum.nl/2029935,compositie,202?
Sigrid Calon,Compositie SC_1/1_1/2_1/4_1/8,2021,https://id.rijksmuseum.nl/2009936,https://id.rijksmuseum.nl/2029936,compositie,202?
Sigrid Calon,Compositie SC_1/1_1/2_1/4_1/8,2021,https://id.rijksmuseum.nl/2009937,https://id.rijksmuseum.nl/2029937,compositie,202?
Sigrid Calon,Compositie SC_1/1_1/2_1/4_1/8,2021,https://id.rijksmuseum.nl/2009938,https://id.rijksmuseum.nl/2029938,compositie,202?
Sigrid Calon,Compositie SC_1/1_1/2_1/4_1/8,2021,https://id.rijksmuseum.nl/2009939,https://id.rijksmuseum.nl/2029939,compositie,202?
Sigrid Calon,Compositie SC_1/1_1/2_1/4_1/8,2021,https://id.rijksmuseum.nl/2009940,https://id.rijksmuseum.nl/2029940,compositie,202?
Sigrid Calon,Compositie SC_1/1_1/2_1/4_1/8,2021,https://id.rijksmuseum.nl/2009941,https://id.rijksmuseum.nl/2029941,compositie,202?
Sigrid Calon,Compositie SC_1/1_1/2_1/4_1/8,2021,https://id.rijksmuseum.nl/2009942,https://id.rijksmuseum.nl/2029942,compositie,202?
Sigrid Calon,Compositie SC_1/1_1/2_1/4_1/8,2021,https://id.rijksmuseum.nl/2009943,https://id.rijksmuseum.nl/2029943,compositie,202?
Sigrid Calon,Compositie SC_1/1_1/2_1/4_1/8,2021,https://id.rijksmuseum.nl/2009944,https://id.rijksmuseum.nl/2029944,compositie,202?
Sigrid Calon,Compositie SC_1/1_1/2_1/4_1/8,2021,https://id.rijksmuseum.nl/2009945,https://id.rijksmuseum.nl/2029945,compositie,202?
Sigrid Calon,Compositie SC_1/1_1/2_1/4_1/8,2021,https://id.rijksmuseum.nl/2009946,https://id.rijksmuseum.nl/2029946,compositie,202?
Sigrid Calon,Compositie SC_1/1_1/2_1/4_1/8,2021,https://id.rijksmuseum.nl/2009947,https://id.rijksmuseum.nl/2029947,compositie,202?
Sigrid Calon,Compositie SC_1/1_1/2_1/4_1/8,2021,https://id.rijksmuseum.nl/2009948,https://id.rijksmuseum.nl/2029948,compositie,202?
Sigrid Calon,Compositie SC_1/1_1/2_1/4_1/8,2021,https://id.rijksmuseum.nl/2009949,https://id.rijksmuseum.nl/2029949,compositie,202?
Sigrid Calon,Compositie SC_1/1_1/2_1/4_1/8,2021,https://id.rijksmuseum.nl/2009950,https://id.rijksmuseum.nl/2029950,compositie,202?
Sigrid Calon,Compositie SC_1/1_1/2_1/4_1/8,2021,https://id.rijksmuseum.nl/2009951,https://id.rijksmuseum.nl/2029951,compositie,202?
Sigrid Calon,Compositie SC_1/1_1/2_1/4_1/8,2021,https://id.rijksmuseum.nl/2009952,https://id.rijksmuseum.nl/2029952,compositie,202?
Sigrid Calon,Compositie SC_1/1_1/2_1/4_1/8,2021,https://id.rijksmuseum.nl/2009953,https://id.rijksmuseum.nl/2029953,compositie,202?
Sigrid Calon,Compositie SC_1/1_1/2_1/4_1/8,2021,https://id.rijksmuseum.nl/2009954,https://id.rijksmuseum.nl/2029954,compositie,202?
Sigrid Calon,Compositie SC_1/1_1/2_1/4_1/8,2021,https://id.rijksmuseum.nl/2009955,https://id.rijksmuseum.nl/2029955,compositie,202?
Sigrid Calon,Compositie SC_1/1_1/2_1/4_1/8,2021,https://id.rijksmuseum.nl/2009956,https://id.rijksmuseum.nl/2029956,compositie,202?
Sigrid Calon,Compositie SC_1/1_1/2_1/4_1/8,2021,https://id.rijksmuseum.nl/2009957,https://id.rijksmuseum.nl/2029957,compositie,202?
Sigrid Calon,Compositie SC_1/1_1/2_1/4_1/8,2021,https://id.rijksmuseum.nl/2009958,https://id.rijksmuseum.nl/2029958,compositie,202?
Sigrid Calon,Compositie SC_1/1_1/2_1/4_1/8,2021,https://id.rijksmuseum.nl/2009959,https://id.rijksmuseum.nl/2029959,compositie,202?
Sigrid Calon,Compositie SC_1/1_1/2_1/4_1/8,2021,https://id.rijksmuseum.nl/2009960,https://id.rijksmuseum.nl/2029960,compositie,202?
Sigrid Calon,Compositie SC_1/1_1/2_1/4_1/8,2021,https://id.rijksmuseum.nl/2009961,https://id.rijksmuseum.nl/2029961,compositie,202?
Sigrid Calon,Compositie SC_1/1_1/2_1/4_1/8,2021,https://id.rijksmuseum.nl/2009962,https://id.rijksmuseum.nl/2029962,compositie,202?
Sigrid Calon,Compositie SC_1/1_1/2_1/4_1/8,2021,https://id.rijksmuseum.nl/2009963,https://id.rijksmuseum.nl/2029963,compositie,202?
Sigrid Calon,Compositie SC_1/1_1/2_1/4_1/8,2021,https://id.rijksmuseum.nl/2009964,https://id.rijksmuseum.nl/2029964,compositie,202?
Sigrid Calon,Compositie SC_1/1_1/2_1/4_1/8,2021,https://id.rijksmuseum.nl/2009965,https://id.rijksmuseum.nl/2029965,compositie,202?
Sigrid Calon,Compositie SC_1/1_1/2_1/4_1/8,2021,https://id.rijksmuseum.nl/2009966,https://id.rijksmuseum.nl/2029966,compositie,202?
Sigrid Calon,Compositie SC_1/1_1/2_1/4_1/8,2021,https://id.rijksmuseum.nl/2009967,https://id.rijksmuseum.nl/2029967,compositie,202?
Sigrid Calon,Compositie SC_1/1_1/2_1/4_1/8,2021,https://id.rijksmuseum.nl/2009968,https://id.rijksmuseum.nl/2029968,compositie,202?
Lisanne Wepler,"Bomen, onze buren",2023,https://id.rijksmuseum.nl/200907290,https://id.rijksmuseum.nl/202907290,prints_all,202?
Lisanne Wepler,"Bomen, onze buren",2023,https://id.rijksmuseum.nl/200907291,https://id.rijksmuseum.nl/202907291,prints_all,202?
Lisanne Wepler,Cuypers’ Vleugelnoot in nood,2024,https://id.rijksmuseum.nl/200907294,https://id.rijksmuseum.nl/202907294,prints_all,202?
Lisanne Wepler,"Darna’s Linde, Zijlsingel, Leiden",2022,https://id.rijksmuseum.nl/200907295,https://id.rijksmuseum.nl/202907295,prints_all,202?
Lisanne Wepler,"Bomen, onze buren",2023,https://id.rijksmuseum.nl/200907301,https://id.rijksmuseum.nl/202907301,prints_all,202?
Lisanne Wepler,"Paardenkastanje, Begraafplaats Groenesteeg Leiden",2023,https://id.rijksmuseum.nl/200907302,https://id.rijksmuseum.nl/202907302,prints_all,202?
Lisanne Wepler,"Bomen, onze buren",2023,https://id.rijksmuseum.nl/200907305,https://id.rijksmuseum.nl/202907305,prints_all,202?
Lisanne Wepler,"Bomen, onze buren",2024,https://id.rijksmuseum.nl/200907307,https://id.rijksmuseum.nl/202907307,prints_all,202?
Lisanne Wepler,"Knotwilgen, Kaasmarktschooltuin, Leiden",2024,https://id.rijksmuseum.nl/200907313,https://id.rijksmuseum.nl/202907313,prints_all,202?
Lisanne Wepler,Wurzelwerk De Horsten Den Haag,2023,https://id.rijksmuseum.nl/200907314,https://id.rijksmuseum.nl/202907314,prints_all,202?
